company_id,year,fiscal_year,cfo_sign,cfi_sign,cff_sign,capital_allocation_pattern
ABB,Dec 2012,2012,positive,negative,negative,Reinvesting + Returning Capital
ABB,Mar 2014,2014,positive,negative,negative,Reinvesting + Returning Capital
ABB,Mar 2015,2015,positive,negative,negative,Reinvesting + Returning Capital
ABB,Mar 2016,2016,positive,negative,negative,Reinvesting + Returning Capital
ABB,Mar 2017,2017,positive,negative,negative,Reinvesting + Returning Capital
ABB,Mar 2018,2018,positive,negative,negative,Reinvesting + Returning Capital
ABB,Mar 2019,2019,positive,negative,negative,Reinvesting + Returning Capital
ABB,Mar 2020,2020,positive,negative,negative,Reinvesting + Returning Capital
ABB,Mar 2021,2021,positive,negative,negative,Reinvesting + Returning Capital
ABB,Mar 2022,2022,positive,negative,negative,Reinvesting + Returning Capital
ABB,Mar 2023,2023,positive,negative,negative,Reinvesting + Returning Capital
ABB,Mar 2024,2024,positive,negative,negative,Reinvesting + Returning Capital
ADANIENSOL,Mar 2014,2014,zero,zero,zero,Mixed / Neutral
ADANIENSOL,Mar 2015,2015,negative,negative,positive,Possible Distress Financing
ADANIENSOL,Mar 2016,2016,positive,negative,negative,Reinvesting + Returning Capital
ADANIENSOL,Mar 2017,2017,positive,negative,negative,Reinvesting + Returning Capital
ADANIENSOL,Mar 2018,2018,positive,negative,positive,Growth Funded by Financing
ADANIENSOL,Mar 2019,2019,positive,negative,positive,Growth Funded by Financing
ADANIENSOL,Mar 2020,2020,positive,negative,positive,Growth Funded by Financing
ADANIENSOL,Mar 2021,2021,positive,negative,negative,Reinvesting + Returning Capital
ADANIENSOL,Mar 2022,2022,positive,negative,negative,Reinvesting + Returning Capital
ADANIENSOL,Mar 2023,2023,positive,negative,positive,Growth Funded by Financing
ADANIENSOL,Mar 2024,2024,positive,negative,negative,Reinvesting + Returning Capital
ADANIENT,Mar 2013,2013,positive,negative,positive,Growth Funded by Financing
ADANIENT,Mar 2014,2014,positive,negative,negative,Reinvesting + Returning Capital
ADANIENT,Mar 2015,2015,positive,negative,positive,Growth Funded by Financing
ADANIENT,Mar 2016,2016,positive,negative,negative,Reinvesting + Returning Capital
ADANIENT,Mar 2017,2017,positive,negative,positive,Growth Funded by Financing
ADANIENT,Mar 2018,2018,positive,negative,positive,Growth Funded by Financing
ADANIENT,Mar 2019,2019,positive,positive,negative,Asset Sale + Debt/Dividend Outflow
ADANIENT,Mar 2020,2020,positive,negative,negative,Reinvesting + Returning Capital
ADANIENT,Mar 2021,2021,positive,negative,positive,Growth Funded by Financing
ADANIENT,Mar 2022,2022,positive,negative,positive,Growth Funded by Financing
ADANIENT,Mar 2023,2023,positive,negative,negative,Reinvesting + Returning Capital
ADANIENT,Mar 2024,2024,positive,negative,positive,Growth Funded by Financing
ADANIGREEN,Mar 2017,2017,positive,negative,positive,Growth Funded by Financing
ADANIGREEN,Mar 2018,2018,positive,negative,positive,Growth Funded by Financing
ADANIGREEN,Mar 2019,2019,positive,negative,positive,Growth Funded by Financing
ADANIGREEN,Mar 2020,2020,positive,negative,positive,Growth Funded by Financing
ADANIGREEN,Mar 2021,2021,positive,negative,positive,Growth Funded by Financing
ADANIGREEN,Mar 2022,2022,positive,negative,positive,Growth Funded by Financing
ADANIGREEN,Mar 2023,2023,positive,negative,negative,Reinvesting + Returning Capital
ADANIGREEN,Mar 2024,2024,positive,negative,positive,Growth Funded by Financing
ADANIPORTS,Mar 2013,2013,positive,negative,positive,Growth Funded by Financing
ADANIPORTS,Mar 2014,2014,positive,negative,positive,Growth Funded by Financing
ADANIPORTS,Mar 2015,2015,positive,negative,negative,Reinvesting + Returning Capital
ADANIPORTS,Mar 2016,2016,positive,negative,positive,Growth Funded by Financing
ADANIPORTS,Mar 2017,2017,positive,negative,negative,Reinvesting + Returning Capital
ADANIPORTS,Mar 2018,2018,positive,negative,negative,Reinvesting + Returning Capital
ADANIPORTS,Mar 2019,2019,positive,negative,positive,Growth Funded by Financing
ADANIPORTS,Mar 2020,2020,positive,negative,negative,Reinvesting + Returning Capital
ADANIPORTS,Mar 2021,2021,positive,negative,positive,Growth Funded by Financing
ADANIPORTS,Mar 2022,2022,positive,negative,negative,Reinvesting + Returning Capital
ADANIPORTS,Mar 2023,2023,positive,negative,negative,Reinvesting + Returning Capital
ADANIPORTS,Mar 2024,2024,positive,negative,negative,Reinvesting + Returning Capital
ADANIPOWER,Mar 2013,2013,positive,negative,positive,Growth Funded by Financing
ADANIPOWER,Mar 2014,2014,positive,negative,positive,Growth Funded by Financing
ADANIPOWER,Mar 2015,2015,positive,negative,negative,Reinvesting + Returning Capital
ADANIPOWER,Mar 2016,2016,positive,negative,negative,Reinvesting + Returning Capital
ADANIPOWER,Mar 2017,2017,positive,negative,negative,Reinvesting + Returning Capital
ADANIPOWER,Mar 2018,2018,positive,negative,negative,Reinvesting + Returning Capital
ADANIPOWER,Mar 2019,2019,positive,negative,negative,Reinvesting + Returning Capital
ADANIPOWER,Mar 2020,2020,positive,negative,negative,Reinvesting + Returning Capital
ADANIPOWER,Mar 2021,2021,positive,negative,negative,Reinvesting + Returning Capital
ADANIPOWER,Mar 2022,2022,positive,positive,negative,Asset Sale + Debt/Dividend Outflow
ADANIPOWER,Mar 2023,2023,positive,positive,negative,Asset Sale + Debt/Dividend Outflow
ADANIPOWER,Mar 2024,2024,positive,positive,negative,Asset Sale + Debt/Dividend Outflow
AMBUJACEM,Dec 2012,2012,positive,negative,negative,Reinvesting + Returning Capital
AMBUJACEM,Dec 2013,2013,positive,negative,negative,Reinvesting + Returning Capital
AMBUJACEM,Dec 2014,2014,positive,negative,negative,Reinvesting + Returning Capital
AMBUJACEM,Dec 2015,2015,positive,negative,negative,Reinvesting + Returning Capital
AMBUJACEM,Dec 2016,2016,positive,negative,negative,Reinvesting + Returning Capital
AMBUJACEM,Dec 2017,2017,positive,negative,negative,Reinvesting + Returning Capital
AMBUJACEM,Dec 2018,2018,positive,negative,negative,Reinvesting + Returning Capital
AMBUJACEM,Dec 2019,2019,positive,negative,negative,Reinvesting + Returning Capital
AMBUJACEM,Dec 2020,2020,positive,negative,negative,Reinvesting + Returning Capital
AMBUJACEM,Dec 2021,2021,positive,negative,negative,Reinvesting + Returning Capital
AMBUJACEM,Mar 2023 15,2023,positive,negative,positive,Growth Funded by Financing
AMBUJACEM,Mar 2024,2024,positive,negative,positive,Growth Funded by Financing
APOLLOHOSP,Mar 2013,2013,positive,negative,positive,Growth Funded by Financing
APOLLOHOSP,Mar 2014,2014,positive,negative,negative,Reinvesting + Returning Capital
APOLLOHOSP,Mar 2015,2015,positive,negative,positive,Growth Funded by Financing
APOLLOHOSP,Mar 2016,2016,positive,negative,positive,Growth Funded by Financing
APOLLOHOSP,Mar 2017,2017,positive,negative,positive,Growth Funded by Financing
APOLLOHOSP,Mar 2018,2018,positive,negative,negative,Reinvesting + Returning Capital
APOLLOHOSP,Mar 2019,2019,positive,negative,negative,Reinvesting + Returning Capital
APOLLOHOSP,Mar 2020,2020,positive,negative,negative,Reinvesting + Returning Capital
APOLLOHOSP,Mar 2021,2021,positive,negative,negative,Reinvesting + Returning Capital
APOLLOHOSP,Mar 2022,2022,positive,negative,negative,Reinvesting + Returning Capital
APOLLOHOSP,Mar 2023,2023,positive,negative,negative,Reinvesting + Returning Capital
APOLLOHOSP,Mar 2024,2024,positive,negative,negative,Reinvesting + Returning Capital
ASIANPAINT,Mar 2013,2013,positive,negative,negative,Reinvesting + Returning Capital
ASIANPAINT,Mar 2014,2014,positive,negative,negative,Reinvesting + Returning Capital
ASIANPAINT,Mar 2015,2015,positive,negative,negative,Reinvesting + Returning Capital
ASIANPAINT,Mar 2016,2016,positive,negative,negative,Reinvesting + Returning Capital
ASIANPAINT,Mar 2017,2017,positive,negative,negative,Reinvesting + Returning Capital
ASIANPAINT,Mar 2018,2018,positive,negative,negative,Reinvesting + Returning Capital
ASIANPAINT,Mar 2019,2019,positive,negative,negative,Reinvesting + Returning Capital
ASIANPAINT,Mar 2020,2020,positive,negative,negative,Reinvesting + Returning Capital
ASIANPAINT,Mar 2021,2021,positive,negative,negative,Reinvesting + Returning Capital
ASIANPAINT,Mar 2022,2022,positive,negative,negative,Reinvesting + Returning Capital
ASIANPAINT,Mar 2023,2023,positive,negative,negative,Reinvesting + Returning Capital
ASIANPAINT,Mar 2024,2024,positive,negative,negative,Reinvesting + Returning Capital
ATGL,Mar 2018,2018,missing,missing,missing,Mixed / Neutral
ATGL,Mar 2019,2019,missing,missing,missing,Mixed / Neutral
ATGL,Mar 2020,2020,missing,missing,missing,Mixed / Neutral
ATGL,Mar 2021,2021,missing,missing,missing,Mixed / Neutral
ATGL,Mar 2022,2022,missing,missing,missing,Mixed / Neutral
ATGL,Mar 2023,2023,missing,missing,missing,Mixed / Neutral
ATGL,Mar 2024,2024,missing,missing,missing,Mixed / Neutral
AXISBANK,Mar 2013,2013,positive,negative,positive,Growth Funded by Financing
AXISBANK,Mar 2014,2014,positive,negative,positive,Growth Funded by Financing
AXISBANK,Mar 2015,2015,negative,negative,positive,Possible Distress Financing
AXISBANK,Mar 2016,2016,negative,positive,positive,Possible Distress Financing
AXISBANK,Mar 2017,2017,positive,negative,negative,Reinvesting + Returning Capital
AXISBANK,Mar 2018,2018,negative,negative,positive,Possible Distress Financing
AXISBANK,Mar 2019,2019,positive,negative,positive,Growth Funded by Financing
AXISBANK,Mar 2020,2020,positive,negative,positive,Growth Funded by Financing
AXISBANK,Mar 2021,2021,positive,negative,positive,Growth Funded by Financing
AXISBANK,Mar 2022,2022,positive,negative,positive,Growth Funded by Financing
AXISBANK,Mar 2023,2023,positive,negative,positive,Growth Funded by Financing
AXISBANK,Mar 2024,2024,negative,negative,positive,Possible Distress Financing
BAJAJ-AUTO,Mar 2013,2013,positive,negative,negative,Reinvesting + Returning Capital
BAJAJ-AUTO,Mar 2014,2014,positive,negative,negative,Reinvesting + Returning Capital
BAJAJ-AUTO,Mar 2015,2015,positive,negative,negative,Reinvesting + Returning Capital
BAJAJ-AUTO,Mar 2016,2016,positive,negative,negative,Reinvesting + Returning Capital
BAJAJ-AUTO,Mar 2017,2017,positive,negative,negative,Reinvesting + Returning Capital
BAJAJ-AUTO,Mar 2018,2018,positive,negative,negative,Reinvesting + Returning Capital
BAJAJ-AUTO,Mar 2019,2019,positive,negative,negative,Reinvesting + Returning Capital
BAJAJ-AUTO,Mar 2020,2020,positive,positive,negative,Asset Sale + Debt/Dividend Outflow
BAJAJ-AUTO,Mar 2021,2021,positive,negative,negative,Reinvesting + Returning Capital
BAJAJ-AUTO,Mar 2022,2022,positive,positive,negative,Asset Sale + Debt/Dividend Outflow
BAJAJ-AUTO,Mar 2023,2023,positive,positive,negative,Asset Sale + Debt/Dividend Outflow
BAJAJ-AUTO,Mar 2024,2024,positive,negative,negative,Reinvesting + Returning Capital
BAJAJFINSV,Mar 2013,2013,negative,positive,positive,Possible Distress Financing
BAJAJFINSV,Mar 2014,2014,negative,positive,positive,Possible Distress Financing
BAJAJFINSV,Mar 2015,2015,negative,positive,positive,Possible Distress Financing
BAJAJFINSV,Mar 2016,2016,negative,negative,positive,Possible Distress Financing
BAJAJFINSV,Mar 2017,2017,negative,positive,positive,Possible Distress Financing
BAJAJFINSV,Mar 2018,2018,negative,negative,positive,Possible Distress Financing
BAJAJFINSV,Mar 2019,2019,negative,negative,positive,Possible Distress Financing
BAJAJFINSV,Mar 2020,2020,negative,negative,positive,Possible Distress Financing
BAJAJFINSV,Mar 2021,2021,positive,negative,positive,Growth Funded by Financing
BAJAJFINSV,Mar 2022,2022,negative,positive,positive,Possible Distress Financing
BAJAJFINSV,Mar 2023,2023,negative,negative,positive,Possible Distress Financing
BAJAJFINSV,Mar 2024,2024,negative,negative,positive,Possible Distress Financing
BAJAJHLDNG,Mar 2013,2013,positive,negative,negative,Reinvesting + Returning Capital
BAJAJHLDNG,Mar 2014,2014,positive,negative,negative,Reinvesting + Returning Capital
BAJAJHLDNG,Mar 2015,2015,positive,negative,negative,Reinvesting + Returning Capital
BAJAJHLDNG,Mar 2016,2016,positive,positive,negative,Asset Sale + Debt/Dividend Outflow
BAJAJHLDNG,Mar 2017,2017,negative,negative,negative,Cash Burn + Investment
BAJAJHLDNG,Mar 2018,2018,positive,negative,negative,Reinvesting + Returning Capital
BAJAJHLDNG,Mar 2019,2019,positive,negative,negative,Reinvesting + Returning Capital
BAJAJHLDNG,Mar 2020,2020,positive,negative,negative,Reinvesting + Returning Capital
BAJAJHLDNG,Mar 2021,2021,positive,negative,negative,Reinvesting + Returning Capital
BAJAJHLDNG,Mar 2022,2022,positive,negative,negative,Reinvesting + Returning Capital
BAJAJHLDNG,Mar 2023,2023,positive,negative,negative,Reinvesting + Returning Capital
BAJAJHLDNG,Mar 2024,2024,positive,negative,negative,Reinvesting + Returning Capital
BAJFINANCE,Mar 2015,2015,negative,negative,positive,Possible Distress Financing
BAJFINANCE,Mar 2016,2016,negative,negative,positive,Possible Distress Financing
BAJFINANCE,Mar 2017,2017,negative,negative,positive,Possible Distress Financing
BAJFINANCE,Mar 2018,2018,negative,positive,positive,Possible Distress Financing
BAJFINANCE,Mar 2019,2019,negative,negative,positive,Possible Distress Financing
BAJFINANCE,Mar 2020,2020,negative,negative,positive,Possible Distress Financing
BAJFINANCE,Mar 2021,2021,negative,negative,positive,Possible Distress Financing
BAJFINANCE,Mar 2022,2022,negative,positive,positive,Possible Distress Financing
BAJFINANCE,Mar 2023,2023,negative,negative,positive,Possible Distress Financing
BAJFINANCE,Mar 2024,2024,negative,negative,positive,Possible Distress Financing
BANKBARODA,Mar 2013,2013,positive,negative,negative,Reinvesting + Returning Capital
BANKBARODA,Mar 2014,2014,positive,negative,positive,Growth Funded by Financing
BANKBARODA,Mar 2015,2015,positive,negative,negative,Reinvesting + Returning Capital
BANKBARODA,Mar 2016,2016,negative,negative,negative,Cash Burn + Investment
BANKBARODA,Mar 2017,2017,positive,negative,negative,Reinvesting + Returning Capital
BANKBARODA,Mar 2018,2018,negative,negative,positive,Possible Distress Financing
BANKBARODA,Mar 2019,2019,negative,negative,positive,Possible Distress Financing
BANKBARODA,Mar 2020,2020,positive,negative,positive,Growth Funded by Financing
BANKBARODA,Mar 2021,2021,negative,negative,negative,Cash Burn + Investment
BANKBARODA,Mar 2022,2022,positive,negative,negative,Reinvesting + Returning Capital
BANKBARODA,Mar 2023,2023,negative,negative,negative,Cash Burn + Investment
BANKBARODA,Mar 2024,2024,negative,negative,positive,Possible Distress Financing
BEL,Mar 2013,2013,negative,positive,negative,Operations Weak / Selling Assets
BEL,Mar 2014,2014,negative,positive,negative,Operations Weak / Selling Assets
BEL,Mar 2015,2015,positive,negative,negative,Reinvesting + Returning Capital
BEL,Mar 2016,2016,positive,negative,negative,Reinvesting + Returning Capital
BEL,Mar 2017,2017,negative,positive,negative,Operations Weak / Selling Assets
BEL,Mar 2018,2018,negative,negative,negative,Cash Burn + Investment
BEL,Mar 2019,2019,positive,negative,negative,Reinvesting + Returning Capital
BEL,Mar 2020,2020,positive,negative,negative,Reinvesting + Returning Capital
BEL,Mar 2021,2021,positive,negative,negative,Reinvesting + Returning Capital
BEL,Mar 2022,2022,positive,negative,negative,Reinvesting + Returning Capital
BEL,Mar 2023,2023,positive,positive,negative,Asset Sale + Debt/Dividend Outflow
BEL,Mar 2024,2024,positive,negative,negative,Reinvesting + Returning Capital
BHARTIARTL,Mar 2013,2013,positive,negative,negative,Reinvesting + Returning Capital
BHARTIARTL,Mar 2014,2014,positive,negative,positive,Growth Funded by Financing
BHARTIARTL,Mar 2015,2015,positive,negative,negative,Reinvesting + Returning Capital
BHARTIARTL,Mar 2016,2016,positive,negative,negative,Reinvesting + Returning Capital
BHARTIARTL,Mar 2017,2017,positive,negative,negative,Reinvesting + Returning Capital
BHARTIARTL,Mar 2018,2018,positive,negative,positive,Growth Funded by Financing
BHARTIARTL,Mar 2019,2019,positive,negative,positive,Growth Funded by Financing
BHARTIARTL,Mar 2020,2020,positive,negative,positive,Growth Funded by Financing
BHARTIARTL,Mar 2021,2021,positive,negative,negative,Reinvesting + Returning Capital
BHARTIARTL,Mar 2022,2022,positive,negative,negative,Reinvesting + Returning Capital
BHARTIARTL,Mar 2023,2023,positive,negative,negative,Reinvesting + Returning Capital
BHARTIARTL,Mar 2024,2024,positive,negative,negative,Reinvesting + Returning Capital
BHEL,Mar 2013,2013,positive,negative,positive,Growth Funded by Financing
BHEL,Mar 2014,2014,positive,negative,positive,Growth Funded by Financing
BHEL,Mar 2015,2015,positive,positive,negative,Asset Sale + Debt/Dividend Outflow
BHEL,Mar 2016,2016,positive,positive,negative,Asset Sale + Debt/Dividend Outflow
BHEL,Mar 2017,2017,positive,negative,negative,Reinvesting + Returning Capital
BHEL,Mar 2018,2018,positive,positive,negative,Asset Sale + Debt/Dividend Outflow
BHEL,Mar 2019,2019,negative,positive,negative,Operations Weak / Selling Assets
BHEL,Mar 2020,2020,negative,positive,positive,Possible Distress Financing
BHEL,Mar 2021,2021,positive,negative,negative,Reinvesting + Returning Capital
BHEL,Mar 2022,2022,positive,negative,negative,Reinvesting + Returning Capital
BHEL,Mar 2023,2023,negative,positive,positive,Possible Distress Financing
BHEL,Mar 2024,2024,negative,positive,positive,Possible Distress Financing
BOSCHLTD,Dec 2012,2012,positive,negative,negative,Reinvesting + Returning Capital
BOSCHLTD,Dec 2013,2013,positive,negative,negative,Reinvesting + Returning Capital
BOSCHLTD,Mar 2015,2015,positive,negative,negative,Reinvesting + Returning Capital
BOSCHLTD,Mar 2016,2016,positive,negative,negative,Reinvesting + Returning Capital
BOSCHLTD,Mar 2017,2017,positive,positive,negative,Asset Sale + Debt/Dividend Outflow
BOSCHLTD,Mar 2018,2018,positive,negative,negative,Reinvesting + Returning Capital
BOSCHLTD,Mar 2019,2019,positive,positive,negative,Asset Sale + Debt/Dividend Outflow
BOSCHLTD,Mar 2020,2020,positive,negative,negative,Reinvesting + Returning Capital
BOSCHLTD,Mar 2021,2021,positive,negative,negative,Reinvesting + Returning Capital
BOSCHLTD,Mar 2022,2022,positive,negative,negative,Reinvesting + Returning Capital
BOSCHLTD,Mar 2023,2023,positive,positive,negative,Asset Sale + Debt/Dividend Outflow
BOSCHLTD,Mar 2024,2024,positive,positive,negative,Asset Sale + Debt/Dividend Outflow
BPCL,Mar 2013,2013,positive,negative,negative,Reinvesting + Returning Capital
BPCL,Mar 2014,2014,positive,negative,negative,Reinvesting + Returning Capital
BPCL,Mar 2015,2015,positive,negative,negative,Reinvesting + Returning Capital
BPCL,Mar 2016,2016,positive,negative,negative,Reinvesting + Returning Capital
BPCL,Mar 2017,2017,positive,negative,positive,Growth Funded by Financing
BPCL,Mar 2018,2018,positive,negative,negative,Reinvesting + Returning Capital
BPCL,Mar 2019,2019,positive,negative,positive,Growth Funded by Financing
BPCL,Mar 2020,2020,positive,negative,positive,Growth Funded by Financing
BPCL,Mar 2021,2021,positive,negative,negative,Reinvesting + Returning Capital
BPCL,Mar 2022,2022,positive,negative,negative,Reinvesting + Returning Capital
BPCL,Mar 2023,2023,positive,negative,negative,Reinvesting + Returning Capital
BPCL,Mar 2024,2024,positive,negative,negative,Reinvesting + Returning Capital
BRITANNIA,Mar 2013,2013,positive,positive,negative,Asset Sale + Debt/Dividend Outflow
BRITANNIA,Mar 2014,2014,positive,negative,negative,Reinvesting + Returning Capital
BRITANNIA,Mar 2015,2015,positive,negative,negative,Reinvesting + Returning Capital
BRITANNIA,Mar 2016,2016,positive,negative,negative,Reinvesting + Returning Capital
BRITANNIA,Mar 2017,2017,positive,negative,negative,Reinvesting + Returning Capital
BRITANNIA,Mar 2018,2018,positive,negative,negative,Reinvesting + Returning Capital
BRITANNIA,Mar 2019,2019,positive,negative,negative,Reinvesting + Returning Capital
BRITANNIA,Mar 2020,2020,positive,negative,positive,Growth Funded by Financing
BRITANNIA,Mar 2021,2021,positive,positive,negative,Asset Sale + Debt/Dividend Outflow
BRITANNIA,Mar 2022,2022,positive,positive,negative,Asset Sale + Debt/Dividend Outflow
BRITANNIA,Mar 2023,2023,positive,negative,negative,Reinvesting + Returning Capital
BRITANNIA,Mar 2024,2024,positive,positive,negative,Asset Sale + Debt/Dividend Outflow
CANBK,Mar 2013,2013,positive,negative,negative,Reinvesting + Returning Capital
CANBK,Mar 2014,2014,positive,negative,negative,Reinvesting + Returning Capital
CANBK,Mar 2015,2015,positive,negative,negative,Reinvesting + Returning Capital
CANBK,Mar 2016,2016,positive,negative,negative,Reinvesting + Returning Capital
CANBK,Mar 2017,2017,positive,negative,positive,Growth Funded by Financing
CANBK,Mar 2018,2018,negative,negative,positive,Possible Distress Financing
CANBK,Mar 2019,2019,positive,negative,negative,Reinvesting + Returning Capital
CANBK,Mar 2020,2020,negative,negative,positive,Possible Distress Financing
CANBK,Mar 2021,2021,positive,negative,positive,Growth Funded by Financing
CANBK,Mar 2022,2022,positive,negative,positive,Growth Funded by Financing
CANBK,Mar 2023,2023,negative,negative,positive,Possible Distress Financing
CANBK,Mar 2024,2024,positive,negative,negative,Reinvesting + Returning Capital
CHOLAFIN,Mar 2013,2013,negative,positive,positive,Possible Distress Financing
CHOLAFIN,Mar 2014,2014,negative,negative,positive,Possible Distress Financing
CHOLAFIN,Mar 2015,2015,negative,negative,positive,Possible Distress Financing
CHOLAFIN,Mar 2016,2016,negative,negative,positive,Possible Distress Financing
CHOLAFIN,Mar 2017,2017,negative,negative,positive,Possible Distress Financing
CHOLAFIN,Mar 2018,2018,negative,negative,positive,Possible Distress Financing
CHOLAFIN,Mar 2019,2019,negative,negative,positive,Possible Distress Financing
CHOLAFIN,Mar 2020,2020,negative,negative,positive,Possible Distress Financing
CHOLAFIN,Mar 2021,2021,negative,negative,positive,Possible Distress Financing
CHOLAFIN,Mar 2022,2022,negative,positive,positive,Possible Distress Financing
CHOLAFIN,Mar 2023,2023,negative,negative,positive,Possible Distress Financing
CHOLAFIN,Mar 2024,2024,negative,negative,positive,Possible Distress Financing
CIPLA,Mar 2013,2013,positive,negative,positive,Growth Funded by Financing
CIPLA,Mar 2014,2014,positive,negative,negative,Reinvesting + Returning Capital
CIPLA,Mar 2015,2015,positive,negative,positive,Growth Funded by Financing
CIPLA,Mar 2016,2016,positive,negative,positive,Growth Funded by Financing
CIPLA,Mar 2017,2017,positive,negative,negative,Reinvesting + Returning Capital
CIPLA,Mar 2018,2018,positive,negative,negative,Reinvesting + Returning Capital
CIPLA,Mar 2019,2019,positive,negative,negative,Reinvesting + Returning Capital
CIPLA,Mar 2020,2020,positive,positive,negative,Asset Sale + Debt/Dividend Outflow
CIPLA,Mar 2021,2021,positive,negative,negative,Reinvesting + Returning Capital
CIPLA,Mar 2022,2022,positive,negative,negative,Reinvesting + Returning Capital
CIPLA,Mar 2023,2023,positive,negative,negative,Reinvesting + Returning Capital
CIPLA,Mar 2024,2024,positive,negative,negative,Reinvesting + Returning Capital
COALINDIA,Mar 2013,2013,positive,negative,negative,Reinvesting + Returning Capital
COALINDIA,Mar 2014,2014,positive,positive,negative,Asset Sale + Debt/Dividend Outflow
COALINDIA,Mar 2015,2015,positive,positive,negative,Asset Sale + Debt/Dividend Outflow
COALINDIA,Mar 2016,2016,positive,positive,negative,Asset Sale + Debt/Dividend Outflow
COALINDIA,Mar 2017,2017,positive,positive,negative,Asset Sale + Debt/Dividend Outflow
COALINDIA,Mar 2018,2018,positive,negative,negative,Reinvesting + Returning Capital
COALINDIA,Mar 2019,2019,positive,negative,negative,Reinvesting + Returning Capital
COALINDIA,Mar 2020,2020,positive,positive,negative,Asset Sale + Debt/Dividend Outflow
COALINDIA,Mar 2021,2021,positive,positive,negative,Asset Sale + Debt/Dividend Outflow
COALINDIA,Mar 2022,2022,positive,negative,negative,Reinvesting + Returning Capital
COALINDIA,Mar 2023,2023,positive,negative,negative,Reinvesting + Returning Capital
COALINDIA,Mar 2024,2024,positive,negative,negative,Reinvesting + Returning Capital
DABUR,Mar 2013,2013,positive,negative,negative,Reinvesting + Returning Capital
DABUR,Mar 2014,2014,positive,negative,negative,Reinvesting + Returning Capital
DABUR,Mar 2015,2015,positive,negative,negative,Reinvesting + Returning Capital
DABUR,Mar 2016,2016,positive,negative,negative,Reinvesting + Returning Capital
DABUR,Mar 2017,2017,positive,negative,negative,Reinvesting + Returning Capital
DABUR,Mar 2018,2018,positive,negative,negative,Reinvesting + Returning Capital
DABUR,Mar 2019,2019,positive,positive,negative,Asset Sale + Debt/Dividend Outflow
DABUR,Mar 2020,2020,positive,negative,negative,Reinvesting + Returning Capital
DABUR,Mar 2021,2021,positive,negative,negative,Reinvesting + Returning Capital
DABUR,Mar 2022,2022,positive,negative,negative,Reinvesting + Returning Capital
DABUR,Mar 2023,2023,positive,negative,negative,Reinvesting + Returning Capital
DABUR,Mar 2024,2024,positive,negative,negative,Reinvesting + Returning Capital
DIVISLAB,Mar 2013,2013,positive,negative,negative,Reinvesting + Returning Capital
DIVISLAB,Mar 2014,2014,positive,negative,negative,Reinvesting + Returning Capital
DIVISLAB,Mar 2015,2015,positive,negative,negative,Reinvesting + Returning Capital
DIVISLAB,Mar 2016,2016,positive,negative,negative,Reinvesting + Returning Capital
DIVISLAB,Mar 2017,2017,positive,negative,positive,Growth Funded by Financing
DIVISLAB,Mar 2018,2018,positive,negative,negative,Reinvesting + Returning Capital
DIVISLAB,Mar 2019,2019,positive,negative,negative,Reinvesting + Returning Capital
DIVISLAB,Mar 2020,2020,positive,negative,negative,Reinvesting + Returning Capital
DIVISLAB,Mar 2021,2021,positive,positive,negative,Asset Sale + Debt/Dividend Outflow
DIVISLAB,Mar 2022,2022,positive,negative,negative,Reinvesting + Returning Capital
DIVISLAB,Mar 2023,2023,positive,negative,negative,Reinvesting + Returning Capital
DIVISLAB,Mar 2024,2024,positive,negative,negative,Reinvesting + Returning Capital
DLF,Mar 2013,2013,positive,positive,negative,Asset Sale + Debt/Dividend Outflow
DLF,Mar 2014,2014,positive,positive,negative,Asset Sale + Debt/Dividend Outflow
DLF,Mar 2015,2015,positive,positive,negative,Asset Sale + Debt/Dividend Outflow
DLF,Mar 2016,2016,positive,negative,negative,Reinvesting + Returning Capital
DLF,Mar 2017,2017,negative,positive,positive,Possible Distress Financing
DLF,Mar 2018,2018,positive,negative,negative,Reinvesting + Returning Capital
DLF,Mar 2019,2019,positive,positive,positive,Cash Accumulation / Asset Sale
DLF,Mar 2020,2020,positive,positive,negative,Asset Sale + Debt/Dividend Outflow
DLF,Mar 2021,2021,positive,positive,negative,Asset Sale + Debt/Dividend Outflow
DLF,Mar 2022,2022,positive,positive,negative,Asset Sale + Debt/Dividend Outflow
DLF,Mar 2023,2023,positive,negative,negative,Reinvesting + Returning Capital
DLF,Mar 2024,2024,positive,negative,positive,Growth Funded by Financing
DMART,Mar 2013,2013,positive,negative,positive,Growth Funded by Financing
DMART,Mar 2014,2014,positive,negative,positive,Growth Funded by Financing
DMART,Mar 2015,2015,positive,negative,positive,Growth Funded by Financing
DMART,Mar 2016,2016,positive,negative,positive,Growth Funded by Financing
DMART,Mar 2017,2017,positive,negative,positive,Growth Funded by Financing
DMART,Mar 2018,2018,positive,positive,negative,Asset Sale + Debt/Dividend Outflow
DMART,Mar 2019,2019,positive,negative,positive,Growth Funded by Financing
DMART,Mar 2020,2020,positive,negative,positive,Growth Funded by Financing
DMART,Mar 2021,2021,positive,negative,negative,Reinvesting + Returning Capital
DMART,Mar 2022,2022,positive,negative,negative,Reinvesting + Returning Capital
DMART,Mar 2023,2023,positive,negative,negative,Reinvesting + Returning Capital
DMART,Mar 2024,2024,positive,negative,negative,Reinvesting + Returning Capital
DRREDDY,Mar 2013,2013,positive,negative,negative,Reinvesting + Returning Capital
DRREDDY,Mar 2014,2014,positive,negative,negative,Reinvesting + Returning Capital
DRREDDY,Mar 2015,2015,positive,negative,negative,Reinvesting + Returning Capital
DRREDDY,Mar 2016,2016,positive,negative,negative,Reinvesting + Returning Capital
DRREDDY,Mar 2017,2017,positive,negative,negative,Reinvesting + Returning Capital
DRREDDY,Mar 2018,2018,positive,negative,negative,Reinvesting + Returning Capital
DRREDDY,Mar 2019,2019,positive,negative,negative,Reinvesting + Returning Capital
DRREDDY,Mar 2020,2020,positive,negative,negative,Reinvesting + Returning Capital
DRREDDY,Mar 2021,2021,positive,negative,negative,Reinvesting + Returning Capital
DRREDDY,Mar 2022,2022,positive,negative,negative,Reinvesting + Returning Capital
DRREDDY,Mar 2023,2023,positive,negative,negative,Reinvesting + Returning Capital
DRREDDY,Mar 2024,2024,positive,negative,negative,Reinvesting + Returning Capital
EICHERMOT,Dec 2012,2012,positive,negative,negative,Reinvesting + Returning Capital
EICHERMOT,Dec 2013,2013,positive,negative,negative,Reinvesting + Returning Capital
EICHERMOT,Dec 2014,2014,positive,negative,negative,Reinvesting + Returning Capital
EICHERMOT,Mar 2016,2016,positive,negative,negative,Reinvesting + Returning Capital
EICHERMOT,Mar 2017,2017,positive,negative,positive,Growth Funded by Financing
EICHERMOT,Mar 2018,2018,positive,negative,negative,Reinvesting + Returning Capital
EICHERMOT,Mar 2019,2019,positive,negative,negative,Reinvesting + Returning Capital
EICHERMOT,Mar 2020,2020,positive,negative,negative,Reinvesting + Returning Capital
EICHERMOT,Mar 2021,2021,positive,negative,negative,Reinvesting + Returning Capital
EICHERMOT,Mar 2022,2022,positive,negative,negative,Reinvesting + Returning Capital
EICHERMOT,Mar 2023,2023,positive,negative,negative,Reinvesting + Returning Capital
EICHERMOT,Mar 2024,2024,positive,negative,negative,Reinvesting + Returning Capital
GAIL,Mar 2013,2013,positive,negative,positive,Growth Funded by Financing
GAIL,Mar 2014,2014,positive,negative,negative,Reinvesting + Returning Capital
GAIL,Mar 2015,2015,positive,negative,negative,Reinvesting + Returning Capital
GAIL,Mar 2016,2016,positive,negative,negative,Reinvesting + Returning Capital
GAIL,Mar 2017,2017,positive,negative,negative,Reinvesting + Returning Capital
GAIL,Mar 2018,2018,positive,negative,negative,Reinvesting + Returning Capital
GAIL,Mar 2019,2019,positive,negative,negative,Reinvesting + Returning Capital
GAIL,Mar 2020,2020,positive,negative,positive,Growth Funded by Financing
GAIL,Mar 2021,2021,positive,negative,negative,Reinvesting + Returning Capital
GAIL,Mar 2022,2022,positive,negative,negative,Reinvesting + Returning Capital
GAIL,Mar 2023,2023,positive,negative,positive,Growth Funded by Financing
GAIL,Mar 2024,2024,positive,negative,negative,Reinvesting + Returning Capital
GODREJCP,Mar 2013,2013,positive,negative,positive,Growth Funded by Financing
GODREJCP,Mar 2014,2014,positive,negative,negative,Reinvesting + Returning Capital
GODREJCP,Mar 2015,2015,positive,negative,negative,Reinvesting + Returning Capital
GODREJCP,Mar 2016,2016,positive,negative,negative,Reinvesting + Returning Capital
GODREJCP,Mar 2017,2017,positive,negative,positive,Growth Funded by Financing
GODREJCP,Mar 2018,2018,positive,negative,negative,Reinvesting + Returning Capital
GODREJCP,Mar 2019,2019,positive,positive,negative,Asset Sale + Debt/Dividend Outflow
GODREJCP,Mar 2020,2020,positive,negative,negative,Reinvesting + Returning Capital
GODREJCP,Mar 2021,2021,positive,negative,negative,Reinvesting + Returning Capital
GODREJCP,Mar 2022,2022,positive,negative,negative,Reinvesting + Returning Capital
GODREJCP,Mar 2023,2023,positive,negative,negative,Reinvesting + Returning Capital
GODREJCP,Mar 2024,2024,positive,negative,positive,Growth Funded by Financing
GRASIM,Mar 2013,2013,positive,negative,positive,Growth Funded by Financing
GRASIM,Mar 2014,2014,positive,negative,negative,Reinvesting + Returning Capital
GRASIM,Mar 2015,2015,positive,negative,negative,Reinvesting + Returning Capital
GRASIM,Mar 2016,2016,positive,negative,negative,Reinvesting + Returning Capital
GRASIM,Mar 2017,2017,positive,negative,negative,Reinvesting + Returning Capital
GRASIM,Mar 2018,2018,negative,positive,positive,Possible Distress Financing
GRASIM,Mar 2019,2019,negative,negative,positive,Possible Distress Financing
GRASIM,Mar 2020,2020,positive,negative,negative,Reinvesting + Returning Capital
GRASIM,Mar 2021,2021,positive,negative,negative,Reinvesting + Returning Capital
GRASIM,Mar 2022,2022,positive,negative,negative,Reinvesting + Returning Capital
GRASIM,Mar 2023,2023,negative,negative,positive,Possible Distress Financing
GRASIM,Mar 2024,2024,negative,negative,positive,Possible Distress Financing
HAL,Mar 2016,2016,missing,missing,missing,Mixed / Neutral
HAL,Mar 2017,2017,negative,positive,negative,Operations Weak / Selling Assets
HAL,Mar 2018,2018,negative,positive,negative,Operations Weak / Selling Assets
HAL,Mar 2019,2019,negative,positive,positive,Possible Distress Financing
HAL,Mar 2020,2020,positive,negative,positive,Growth Funded by Financing
HAL,Mar 2021,2021,positive,negative,negative,Reinvesting + Returning Capital
HAL,Mar 2022,2022,positive,negative,negative,Reinvesting + Returning Capital
HAL,Mar 2023,2023,positive,negative,negative,Reinvesting + Returning Capital
HAL,Mar 2024,2024,positive,negative,negative,Reinvesting + Returning Capital
HAVELLS,Mar 2013,2013,positive,negative,negative,Reinvesting + Returning Capital
HAVELLS,Mar 2014,2014,positive,negative,negative,Reinvesting + Returning Capital
HAVELLS,Mar 2015,2015,positive,negative,negative,Reinvesting + Returning Capital
HAVELLS,Mar 2016,2016,positive,negative,negative,Reinvesting + Returning Capital
HAVELLS,Mar 2017,2017,positive,negative,negative,Reinvesting + Returning Capital
HAVELLS,Mar 2018,2018,positive,negative,negative,Reinvesting + Returning Capital
HAVELLS,Mar 2019,2019,positive,positive,negative,Asset Sale + Debt/Dividend Outflow
HAVELLS,Mar 2020,2020,positive,negative,negative,Reinvesting + Returning Capital
HAVELLS,Mar 2021,2021,positive,negative,positive,Growth Funded by Financing
HAVELLS,Mar 2022,2022,positive,negative,negative,Reinvesting + Returning Capital
HAVELLS,Mar 2023,2023,positive,positive,negative,Asset Sale + Debt/Dividend Outflow
HAVELLS,Mar 2024,2024,positive,negative,negative,Reinvesting + Returning Capital
HCLTECH,Jun 2013,2013,positive,negative,negative,Reinvesting + Returning Capital
HCLTECH,Jun 2014,2014,positive,negative,negative,Reinvesting + Returning Capital
HCLTECH,Jun 2015,2015,positive,negative,negative,Reinvesting + Returning Capital
HCLTECH,Mar 2016 9m,2016,positive,negative,negative,Reinvesting + Returning Capital
HCLTECH,Mar 2017,2017,positive,negative,negative,Reinvesting + Returning Capital
HCLTECH,Mar 2018,2018,positive,negative,negative,Reinvesting + Returning Capital
HCLTECH,Mar 2019,2019,positive,negative,negative,Reinvesting + Returning Capital
HCLTECH,Mar 2020,2020,positive,negative,negative,Reinvesting + Returning Capital
HCLTECH,Mar 2021,2021,positive,negative,negative,Reinvesting + Returning Capital
HCLTECH,Mar 2022,2022,positive,positive,negative,Asset Sale + Debt/Dividend Outflow
HCLTECH,Mar 2023,2023,positive,negative,negative,Reinvesting + Returning Capital
HCLTECH,Mar 2024,2024,positive,negative,negative,Reinvesting + Returning Capital
HDFCBANK,Mar 2013,2013,negative,negative,positive,Possible Distress Financing
HDFCBANK,Mar 2014,2014,positive,negative,positive,Growth Funded by Financing
HDFCBANK,Mar 2015,2015,negative,negative,positive,Possible Distress Financing
HDFCBANK,Mar 2016,2016,negative,negative,positive,Possible Distress Financing
HDFCBANK,Mar 2017,2017,positive,negative,negative,Reinvesting + Returning Capital
HDFCBANK,Mar 2018,2018,positive,negative,positive,Growth Funded by Financing
HDFCBANK,Mar 2019,2019,negative,negative,positive,Possible Distress Financing
HDFCBANK,Mar 2020,2020,negative,negative,positive,Possible Distress Financing
HDFCBANK,Mar 2021,2021,positive,negative,negative,Reinvesting + Returning Capital
HDFCBANK,Mar 2022,2022,negative,negative,positive,Possible Distress Financing
HDFCBANK,Mar 2023,2023,positive,negative,positive,Growth Funded by Financing
HDFCBANK,Mar 2024,2024,positive,positive,negative,Asset Sale + Debt/Dividend Outflow
HDFCLIFE,Mar 2013,2013,missing,missing,missing,Mixed / Neutral
HDFCLIFE,Mar 2014,2014,missing,missing,missing,Mixed / Neutral
HDFCLIFE,Mar 2015,2015,positive,negative,negative,Reinvesting + Returning Capital
HDFCLIFE,Mar 2016,2016,positive,negative,negative,Reinvesting + Returning Capital
HDFCLIFE,Mar 2017,2017,positive,negative,negative,Reinvesting + Returning Capital
HDFCLIFE,Mar 2018,2018,positive,negative,negative,Reinvesting + Returning Capital
HDFCLIFE,Mar 2019,2019,positive,negative,negative,Reinvesting + Returning Capital
HDFCLIFE,Mar 2020,2020,positive,negative,positive,Growth Funded by Financing
HDFCLIFE,Mar 2021,2021,positive,negative,positive,Growth Funded by Financing
HDFCLIFE,Mar 2022,2022,positive,negative,negative,Reinvesting + Returning Capital
HDFCLIFE,Mar 2023,2023,positive,negative,positive,Growth Funded by Financing
HDFCLIFE,Mar 2024,2024,positive,negative,negative,Reinvesting + Returning Capital
HEROMOTOCO,Mar 2014,2014,positive,negative,negative,Reinvesting + Returning Capital
HEROMOTOCO,Mar 2015,2015,positive,positive,negative,Asset Sale + Debt/Dividend Outflow
HEROMOTOCO,Mar 2016,2016,positive,negative,negative,Reinvesting + Returning Capital
HEROMOTOCO,Mar 2017,2017,positive,negative,negative,Reinvesting + Returning Capital
HEROMOTOCO,Mar 2018,2018,positive,negative,negative,Reinvesting + Returning Capital
HEROMOTOCO,Mar 2019,2019,positive,positive,negative,Asset Sale + Debt/Dividend Outflow
HEROMOTOCO,Mar 2020,2020,positive,negative,negative,Reinvesting + Returning Capital
HEROMOTOCO,Mar 2021,2021,positive,negative,negative,Reinvesting + Returning Capital
HEROMOTOCO,Mar 2022,2022,positive,negative,negative,Reinvesting + Returning Capital
HEROMOTOCO,Mar 2023,2023,positive,negative,negative,Reinvesting + Returning Capital
HEROMOTOCO,Mar 2024,2024,positive,negative,negative,Reinvesting + Returning Capital
HINDALCO,Mar 2013,2013,positive,negative,positive,Growth Funded by Financing
HINDALCO,Mar 2014,2014,positive,negative,positive,Growth Funded by Financing
HINDALCO,Mar 2015,2015,positive,negative,negative,Reinvesting + Returning Capital
HINDALCO,Mar 2016,2016,positive,negative,negative,Reinvesting + Returning Capital
HINDALCO,Mar 2017,2017,positive,negative,negative,Reinvesting + Returning Capital
HINDALCO,Mar 2018,2018,positive,positive,negative,Asset Sale + Debt/Dividend Outflow
HINDALCO,Mar 2019,2019,positive,negative,negative,Reinvesting + Returning Capital
HINDALCO,Mar 2020,2020,positive,negative,positive,Growth Funded by Financing
HINDALCO,Mar 2021,2021,positive,negative,negative,Reinvesting + Returning Capital
HINDALCO,Mar 2022,2022,positive,negative,negative,Reinvesting + Returning Capital
HINDALCO,Mar 2023,2023,positive,negative,negative,Reinvesting + Returning Capital
HINDALCO,Mar 2024,2024,positive,negative,negative,Reinvesting + Returning Capital
HINDUNILVR,Mar 2013,2013,positive,positive,negative,Asset Sale + Debt/Dividend Outflow
HINDUNILVR,Mar 2014,2014,positive,negative,negative,Reinvesting + Returning Capital
HINDUNILVR,Mar 2015,2015,positive,positive,negative,Asset Sale + Debt/Dividend Outflow
HINDUNILVR,Mar 2016,2016,positive,negative,negative,Reinvesting + Returning Capital
HINDUNILVR,Mar 2017,2017,positive,negative,negative,Reinvesting + Returning Capital
HINDUNILVR,Mar 2018,2018,positive,negative,negative,Reinvesting + Returning Capital
HINDUNILVR,Mar 2019,2019,positive,negative,negative,Reinvesting + Returning Capital
HINDUNILVR,Mar 2020,2020,positive,positive,negative,Asset Sale + Debt/Dividend Outflow
HINDUNILVR,Mar 2021,2021,positive,negative,negative,Reinvesting + Returning Capital
HINDUNILVR,Mar 2022,2022,positive,negative,negative,Reinvesting + Returning Capital
HINDUNILVR,Mar 2023,2023,positive,negative,negative,Reinvesting + Returning Capital
HINDUNILVR,Mar 2024,2024,positive,negative,negative,Reinvesting + Returning Capital
ICICIBANK,Mar 2013,2013,positive,negative,positive,Growth Funded by Financing
ICICIBANK,Mar 2014,2014,positive,negative,positive,Growth Funded by Financing
ICICIBANK,Mar 2015,2015,negative,negative,positive,Possible Distress Financing
ICICIBANK,Mar 2016,2016,positive,negative,positive,Growth Funded by Financing
ICICIBANK,Mar 2017,2017,positive,negative,negative,Reinvesting + Returning Capital
ICICIBANK,Mar 2018,2018,positive,negative,positive,Growth Funded by Financing
ICICIBANK,Mar 2019,2019,positive,negative,negative,Reinvesting + Returning Capital
ICICIBANK,Mar 2020,2020,positive,negative,positive,Growth Funded by Financing
ICICIBANK,Mar 2021,2021,positive,negative,negative,Reinvesting + Returning Capital
ICICIBANK,Mar 2022,2022,positive,negative,positive,Growth Funded by Financing
ICICIBANK,Mar 2023,2023,negative,negative,positive,Possible Distress Financing
ICICIBANK,Mar 2024,2024,positive,negative,positive,Growth Funded by Financing
ICICIGI,Mar 2013,2013,positive,negative,positive,Growth Funded by Financing
ICICIGI,Mar 2014,2014,positive,negative,positive,Growth Funded by Financing
ICICIGI,Mar 2015,2015,negative,positive,negative,Operations Weak / Selling Assets
ICICIGI,Mar 2016,2016,positive,negative,negative,Reinvesting + Returning Capital
ICICIGI,Mar 2017,2017,positive,negative,positive,Growth Funded by Financing
ICICIGI,Mar 2018,2018,positive,negative,negative,Reinvesting + Returning Capital
ICICIGI,Mar 2019,2019,positive,negative,negative,Reinvesting + Returning Capital
ICICIGI,Mar 2020,2020,positive,negative,negative,Reinvesting + Returning Capital
ICICIGI,Mar 2021,2021,positive,negative,negative,Reinvesting + Returning Capital
ICICIGI,Mar 2022,2022,positive,positive,negative,Asset Sale + Debt/Dividend Outflow
ICICIGI,Mar 2023,2023,positive,negative,negative,Reinvesting + Returning Capital
ICICIGI,Mar 2024,2024,positive,negative,negative,Reinvesting + Returning Capital
ICICIPRULI,Mar 2013,2013,negative,positive,negative,Operations Weak / Selling Assets
ICICIPRULI,Mar 2014,2014,negative,positive,negative,Operations Weak / Selling Assets
ICICIPRULI,Mar 2015,2015,positive,negative,negative,Reinvesting + Returning Capital
ICICIPRULI,Mar 2016,2016,positive,positive,negative,Asset Sale + Debt/Dividend Outflow
ICICIPRULI,Mar 2017,2017,positive,negative,negative,Reinvesting + Returning Capital
ICICIPRULI,Mar 2018,2018,positive,negative,negative,Reinvesting + Returning Capital
ICICIPRULI,Mar 2019,2019,positive,negative,negative,Reinvesting + Returning Capital
ICICIPRULI,Mar 2020,2020,positive,negative,negative,Reinvesting + Returning Capital
ICICIPRULI,Mar 2021,2021,positive,negative,positive,Growth Funded by Financing
ICICIPRULI,Mar 2022,2022,positive,negative,negative,Reinvesting + Returning Capital
ICICIPRULI,Mar 2023,2023,positive,negative,negative,Reinvesting + Returning Capital
ICICIPRULI,Mar 2024,2024,negative,positive,negative,Operations Weak / Selling Assets
INDIGO,Mar 2013,2013,positive,negative,positive,Growth Funded by Financing
INDIGO,Mar 2014,2014,positive,negative,positive,Growth Funded by Financing
INDIGO,Mar 2015,2015,positive,negative,negative,Reinvesting + Returning Capital
INDIGO,Mar 2016,2016,positive,negative,negative,Reinvesting + Returning Capital
INDIGO,Mar 2017,2017,positive,negative,negative,Reinvesting + Returning Capital
INDIGO,Mar 2018,2018,positive,negative,positive,Growth Funded by Financing
INDIGO,Mar 2019,2019,positive,negative,negative,Reinvesting + Returning Capital
INDIGO,Mar 2020,2020,positive,negative,negative,Reinvesting + Returning Capital
INDIGO,Mar 2021,2021,negative,positive,negative,Operations Weak / Selling Assets
INDIGO,Mar 2022,2022,positive,positive,negative,Asset Sale + Debt/Dividend Outflow
INDIGO,Mar 2023,2023,positive,negative,negative,Reinvesting + Returning Capital
INDIGO,Mar 2024,2024,positive,negative,negative,Reinvesting + Returning Capital
INDUSINDBK,Mar 2013,2013,negative,negative,positive,Possible Distress Financing
INDUSINDBK,Mar 2014,2014,negative,negative,positive,Possible Distress Financing
INDUSINDBK,Mar 2015,2015,negative,negative,positive,Possible Distress Financing
INDUSINDBK,Mar 2016,2016,negative,negative,positive,Possible Distress Financing
INDUSINDBK,Mar 2017,2017,positive,negative,negative,Reinvesting + Returning Capital
INDUSINDBK,Mar 2018,2018,negative,negative,positive,Possible Distress Financing
INDUSINDBK,Mar 2019,2019,negative,negative,positive,Possible Distress Financing
INDUSINDBK,Mar 2020,2020,negative,positive,positive,Possible Distress Financing
INDUSINDBK,Mar 2021,2021,positive,negative,negative,Reinvesting + Returning Capital
INDUSINDBK,Mar 2022,2022,positive,negative,negative,Reinvesting + Returning Capital
INDUSINDBK,Mar 2023,2023,negative,negative,positive,Possible Distress Financing
INDUSINDBK,Mar 2024,2024,negative,negative,negative,Cash Burn + Investment
INFY,Mar 2013,2013,positive,negative,negative,Reinvesting + Returning Capital
INFY,Mar 2014,2014,positive,negative,negative,Reinvesting + Returning Capital
INFY,Mar 2015,2015,positive,positive,negative,Asset Sale + Debt/Dividend Outflow
INFY,Mar 2016,2016,positive,negative,negative,Reinvesting + Returning Capital
INFY,Mar 2017,2017,positive,negative,negative,Reinvesting + Returning Capital
INFY,Mar 2018,2018,positive,positive,negative,Asset Sale + Debt/Dividend Outflow
INFY,Mar 2019,2019,positive,negative,negative,Reinvesting + Returning Capital
INFY,Mar 2020,2020,positive,negative,negative,Reinvesting + Returning Capital
INFY,Mar 2021,2021,positive,negative,negative,Reinvesting + Returning Capital
INFY,Mar 2022,2022,positive,negative,negative,Reinvesting + Returning Capital
INFY,Mar 2023,2023,positive,negative,negative,Reinvesting + Returning Capital
INFY,Mar 2024,2024,positive,negative,negative,Reinvesting + Returning Capital
IOC,Mar 2013,2013,positive,negative,positive,Growth Funded by Financing
IOC,Mar 2014,2014,positive,negative,negative,Reinvesting + Returning Capital
IOC,Mar 2015,2015,positive,negative,negative,Reinvesting + Returning Capital
IOC,Mar 2016,2016,positive,negative,negative,Reinvesting + Returning Capital
IOC,Mar 2017,2017,positive,negative,negative,Reinvesting + Returning Capital
IOC,Mar 2018,2018,positive,negative,negative,Reinvesting + Returning Capital
IOC,Mar 2019,2019,positive,negative,positive,Growth Funded by Financing
IOC,Mar 2020,2020,positive,negative,positive,Growth Funded by Financing
IOC,Mar 2021,2021,positive,negative,negative,Reinvesting + Returning Capital
IOC,Mar 2022,2022,positive,negative,negative,Reinvesting + Returning Capital
IOC,Mar 2023,2023,positive,negative,negative,Reinvesting + Returning Capital
IOC,Mar 2024,2024,positive,negative,negative,Reinvesting + Returning Capital
IRCTC,Mar 2015,2015,positive,negative,negative,Reinvesting + Returning Capital
IRCTC,Mar 2016,2016,positive,positive,negative,Asset Sale + Debt/Dividend Outflow
IRCTC,Mar 2017,2017,positive,positive,negative,Asset Sale + Debt/Dividend Outflow
IRCTC,Mar 2018,2018,positive,positive,negative,Asset Sale + Debt/Dividend Outflow
IRCTC,Mar 2019,2019,positive,negative,negative,Reinvesting + Returning Capital
IRCTC,Mar 2020,2020,positive,positive,negative,Asset Sale + Debt/Dividend Outflow
IRCTC,Mar 2021,2021,positive,negative,negative,Reinvesting + Returning Capital
IRCTC,Mar 2022,2022,positive,negative,negative,Reinvesting + Returning Capital
IRCTC,Mar 2023,2023,positive,negative,negative,Reinvesting + Returning Capital
IRCTC,Mar 2024,2024,positive,negative,negative,Reinvesting + Returning Capital
IRFC,Mar 2013,2013,missing,missing,missing,Mixed / Neutral
IRFC,Mar 2014,2014,missing,missing,missing,Mixed / Neutral
IRFC,Mar 2015,2015,missing,missing,missing,Mixed / Neutral
IRFC,Mar 2016,2016,negative,positive,positive,Possible Distress Financing
IRFC,Mar 2017,2017,negative,positive,positive,Possible Distress Financing
IRFC,Mar 2018,2018,negative,positive,positive,Possible Distress Financing
IRFC,Mar 2019,2019,negative,positive,positive,Possible Distress Financing
IRFC,Mar 2020,2020,negative,positive,positive,Possible Distress Financing
IRFC,Mar 2021,2021,negative,zero,positive,Possible Distress Financing
IRFC,Mar 2022,2022,negative,negative,positive,Possible Distress Financing
IRFC,Mar 2023,2023,negative,zero,positive,Possible Distress Financing
IRFC,Mar 2024,2024,positive,negative,negative,Reinvesting + Returning Capital
ITC,Mar 2013,2013,positive,negative,negative,Reinvesting + Returning Capital
ITC,Mar 2014,2014,positive,negative,negative,Reinvesting + Returning Capital
ITC,Mar 2015,2015,positive,negative,negative,Reinvesting + Returning Capital
ITC,Mar 2016,2016,positive,negative,negative,Reinvesting + Returning Capital
ITC,Mar 2017,2017,positive,negative,negative,Reinvesting + Returning Capital
ITC,Mar 2018,2018,positive,negative,negative,Reinvesting + Returning Capital
ITC,Mar 2019,2019,positive,negative,negative,Reinvesting + Returning Capital
ITC,Mar 2020,2020,positive,negative,negative,Reinvesting + Returning Capital
ITC,Mar 2021,2021,positive,positive,negative,Asset Sale + Debt/Dividend Outflow
ITC,Mar 2022,2022,positive,negative,negative,Reinvesting + Returning Capital
ITC,Mar 2023,2023,positive,negative,negative,Reinvesting + Returning Capital
ITC,Mar 2024,2024,positive,positive,negative,Asset Sale + Debt/Dividend Outflow
JINDALSTEL,Mar 2013,2013,positive,negative,positive,Growth Funded by Financing
JINDALSTEL,Mar 2014,2014,positive,negative,positive,Growth Funded by Financing
JINDALSTEL,Mar 2015,2015,positive,negative,positive,Growth Funded by Financing
JINDALSTEL,Mar 2016,2016,positive,negative,negative,Reinvesting + Returning Capital
JINDALSTEL,Mar 2017,2017,positive,negative,negative,Reinvesting + Returning Capital
JINDALSTEL,Mar 2018,2018,positive,negative,negative,Reinvesting + Returning Capital
JINDALSTEL,Mar 2019,2019,positive,negative,negative,Reinvesting + Returning Capital
JINDALSTEL,Mar 2020,2020,positive,negative,negative,Reinvesting + Returning Capital
JINDALSTEL,Mar 2021,2021,positive,negative,negative,Reinvesting + Returning Capital
JINDALSTEL,Mar 2022,2022,positive,negative,negative,Reinvesting + Returning Capital
JINDALSTEL,Mar 2023,2023,positive,negative,negative,Reinvesting + Returning Capital
JINDALSTEL,Mar 2024,2024,positive,negative,positive,Growth Funded by Financing
JIOFIN,Mar 2023,2023,positive,negative,negative,Reinvesting + Returning Capital
JIOFIN,Mar 2024,2024,negative,positive,negative,Operations Weak / Selling Assets
JSWENERGY,Mar 2013,2013,positive,negative,negative,Reinvesting + Returning Capital
JSWENERGY,Mar 2014,2014,positive,negative,negative,Reinvesting + Returning Capital
JSWENERGY,Mar 2015,2015,positive,negative,negative,Reinvesting + Returning Capital
JSWENERGY,Mar 2016,2016,positive,negative,negative,Reinvesting + Returning Capital
JSWENERGY,Mar 2017,2017,positive,negative,negative,Reinvesting + Returning Capital
JSWENERGY,Mar 2018,2018,positive,negative,negative,Reinvesting + Returning Capital
JSWENERGY,Mar 2019,2019,positive,negative,negative,Reinvesting + Returning Capital
JSWENERGY,Mar 2020,2020,positive,positive,negative,Asset Sale + Debt/Dividend Outflow
JSWENERGY,Mar 2021,2021,positive,negative,negative,Reinvesting + Returning Capital
JSWENERGY,Mar 2022,2022,positive,negative,negative,Reinvesting + Returning Capital
JSWENERGY,Mar 2023,2023,positive,negative,positive,Growth Funded by Financing
JSWENERGY,Mar 2024,2024,positive,negative,positive,Growth Funded by Financing
JSWSTEEL,Mar 2013,2013,positive,negative,negative,Reinvesting + Returning Capital
JSWSTEEL,Mar 2014,2014,positive,negative,positive,Growth Funded by Financing
JSWSTEEL,Mar 2015,2015,positive,negative,negative,Reinvesting + Returning Capital
JSWSTEEL,Mar 2016,2016,positive,negative,negative,Reinvesting + Returning Capital
JSWSTEEL,Mar 2017,2017,positive,negative,negative,Reinvesting + Returning Capital
JSWSTEEL,Mar 2018,2018,positive,negative,negative,Reinvesting + Returning Capital
JSWSTEEL,Mar 2019,2019,positive,negative,positive,Growth Funded by Financing
JSWSTEEL,Mar 2020,2020,positive,negative,positive,Growth Funded by Financing
JSWSTEEL,Mar 2021,2021,positive,negative,negative,Reinvesting + Returning Capital
JSWSTEEL,Mar 2022,2022,positive,negative,negative,Reinvesting + Returning Capital
JSWSTEEL,Mar 2023,2023,positive,negative,negative,Reinvesting + Returning Capital
JSWSTEEL,Mar 2024,2024,positive,negative,negative,Reinvesting + Returning Capital
KOTAKBANK,Mar 2013,2013,positive,negative,positive,Growth Funded by Financing
KOTAKBANK,Mar 2014,2014,positive,negative,negative,Reinvesting + Returning Capital
KOTAKBANK,Mar 2015,2015,positive,negative,positive,Growth Funded by Financing
KOTAKBANK,Mar 2016,2016,positive,negative,positive,Growth Funded by Financing
KOTAKBANK,Mar 2017,2017,positive,negative,positive,Growth Funded by Financing
KOTAKBANK,Mar 2018,2018,negative,negative,positive,Possible Distress Financing
KOTAKBANK,Mar 2019,2019,positive,negative,positive,Growth Funded by Financing
KOTAKBANK,Mar 2020,2020,positive,negative,negative,Reinvesting + Returning Capital
KOTAKBANK,Mar 2021,2021,positive,negative,negative,Reinvesting + Returning Capital
KOTAKBANK,Mar 2022,2022,positive,negative,positive,Growth Funded by Financing
KOTAKBANK,Mar 2023,2023,negative,negative,positive,Possible Distress Financing
KOTAKBANK,Mar 2024,2024,positive,negative,positive,Growth Funded by Financing
LICI,Mar 2019,2019,positive,positive,negative,Asset Sale + Debt/Dividend Outflow
LICI,Mar 2020,2020,positive,negative,negative,Reinvesting + Returning Capital
LICI,Mar 2021,2021,positive,positive,negative,Asset Sale + Debt/Dividend Outflow
LICI,Mar 2022,2022,negative,positive,zero,Operations Weak / Selling Assets
LICI,Mar 2023,2023,positive,negative,negative,Reinvesting + Returning Capital
LICI,Mar 2024,2024,positive,negative,negative,Reinvesting + Returning Capital
LODHA,Mar 2011,2011,missing,missing,missing,Mixed / Neutral
LODHA,Mar 2012,2012,missing,missing,missing,Mixed / Neutral
LODHA,Mar 2015,2015,missing,missing,missing,Mixed / Neutral
LODHA,Mar 2016,2016,positive,negative,positive,Growth Funded by Financing
LODHA,Mar 2017,2017,positive,negative,negative,Reinvesting + Returning Capital
LODHA,Mar 2018,2018,positive,negative,positive,Growth Funded by Financing
LODHA,Mar 2019,2019,negative,negative,positive,Possible Distress Financing
LODHA,Mar 2020,2020,positive,positive,negative,Asset Sale + Debt/Dividend Outflow
LODHA,Mar 2021,2021,positive,positive,negative,Asset Sale + Debt/Dividend Outflow
LODHA,Mar 2022,2022,positive,positive,negative,Asset Sale + Debt/Dividend Outflow
LODHA,Mar 2023,2023,positive,positive,negative,Asset Sale + Debt/Dividend Outflow
LODHA,Mar 2024,2024,positive,negative,positive,Growth Funded by Financing
LT,Mar 2013,2013,negative,negative,positive,Possible Distress Financing
LT,Mar 2014,2014,negative,negative,positive,Possible Distress Financing
LT,Mar 2015,2015,negative,negative,positive,Possible Distress Financing
LT,Mar 2016,2016,negative,negative,positive,Possible Distress Financing
LT,Mar 2017,2017,positive,negative,positive,Growth Funded by Financing
LT,Mar 2018,2018,negative,positive,positive,Possible Distress Financing
LT,Mar 2019,2019,negative,negative,positive,Possible Distress Financing
LT,Mar 2020,2020,positive,negative,positive,Growth Funded by Financing
LT,Mar 2021,2021,positive,negative,negative,Reinvesting + Returning Capital
LT,Mar 2022,2022,positive,negative,negative,Reinvesting + Returning Capital
LT,Mar 2023,2023,positive,negative,negative,Reinvesting + Returning Capital
LT,Mar 2024,2024,positive,positive,negative,Asset Sale + Debt/Dividend Outflow
LTIM,Mar 2013,2013,positive,negative,negative,Reinvesting + Returning Capital
LTIM,Mar 2014,2014,positive,positive,negative,Asset Sale + Debt/Dividend Outflow
LTIM,Mar 2015,2015,positive,negative,negative,Reinvesting + Returning Capital
LTIM,Mar 2016,2016,positive,negative,negative,Reinvesting + Returning Capital
LTIM,Mar 2017,2017,positive,negative,negative,Reinvesting + Returning Capital
LTIM,Mar 2018,2018,positive,negative,negative,Reinvesting + Returning Capital
LTIM,Mar 2019,2019,positive,negative,negative,Reinvesting + Returning Capital
LTIM,Mar 2020,2020,positive,negative,negative,Reinvesting + Returning Capital
LTIM,Mar 2021,2021,positive,negative,negative,Reinvesting + Returning Capital
LTIM,Mar 2022,2022,positive,negative,negative,Reinvesting + Returning Capital
LTIM,Mar 2023,2023,positive,negative,negative,Reinvesting + Returning Capital
LTIM,Mar 2024,2024,positive,negative,negative,Reinvesting + Returning Capital
M&M,Mar 2013,2013,negative,negative,positive,Possible Distress Financing
M&M,Mar 2014,2014,negative,negative,positive,Possible Distress Financing
M&M,Mar 2015,2015,positive,negative,positive,Growth Funded by Financing
M&M,Mar 2016,2016,positive,negative,positive,Growth Funded by Financing
M&M,Mar 2017,2017,positive,negative,positive,Growth Funded by Financing
M&M,Mar 2018,2018,positive,negative,positive,Growth Funded by Financing
M&M,Mar 2019,2019,negative,negative,positive,Possible Distress Financing
M&M,Mar 2020,2020,negative,negative,positive,Possible Distress Financing
M&M,Mar 2021,2021,positive,negative,positive,Growth Funded by Financing
M&M,Mar 2022,2022,positive,negative,negative,Reinvesting + Returning Capital
M&M,Mar 2023,2023,negative,negative,positive,Possible Distress Financing
M&M,Mar 2024,2024,negative,negative,positive,Possible Distress Financing
MARUTI,Mar 2013,2013,positive,negative,negative,Reinvesting + Returning Capital
MARUTI,Mar 2014,2014,positive,negative,negative,Reinvesting + Returning Capital
MARUTI,Mar 2015,2015,positive,negative,negative,Reinvesting + Returning Capital
MARUTI,Mar 2016,2016,positive,negative,negative,Reinvesting + Returning Capital
MARUTI,Mar 2017,2017,positive,negative,negative,Reinvesting + Returning Capital
MARUTI,Mar 2018,2018,positive,negative,negative,Reinvesting + Returning Capital
MARUTI,Mar 2019,2019,positive,negative,negative,Reinvesting + Returning Capital
MARUTI,Mar 2020,2020,positive,negative,negative,Reinvesting + Returning Capital
MARUTI,Mar 2021,2021,positive,negative,negative,Reinvesting + Returning Capital
MARUTI,Mar 2022,2022,positive,negative,negative,Reinvesting + Returning Capital
MARUTI,Mar 2023,2023,positive,negative,negative,Reinvesting + Returning Capital
MARUTI,Mar 2024,2024,positive,negative,negative,Reinvesting + Returning Capital
MOTHERSON,Mar 2013,2013,positive,negative,negative,Reinvesting + Returning Capital
MOTHERSON,Mar 2014,2014,positive,negative,negative,Reinvesting + Returning Capital
MOTHERSON,Mar 2015,2015,positive,negative,positive,Growth Funded by Financing
MOTHERSON,Mar 2016,2016,positive,negative,negative,Reinvesting + Returning Capital
MOTHERSON,Mar 2017,2017,positive,negative,positive,Growth Funded by Financing
MOTHERSON,Mar 2018,2018,positive,negative,negative,Reinvesting + Returning Capital
MOTHERSON,Mar 2019,2019,positive,negative,negative,Reinvesting + Returning Capital
MOTHERSON,Mar 2020,2020,positive,negative,negative,Reinvesting + Returning Capital
MOTHERSON,Mar 2021,2021,positive,negative,negative,Reinvesting + Returning Capital
MOTHERSON,Mar 2022,2022,positive,negative,negative,Reinvesting + Returning Capital
MOTHERSON,Mar 2023,2023,positive,negative,negative,Reinvesting + Returning Capital
MOTHERSON,Mar 2024,2024,positive,negative,positive,Growth Funded by Financing
NAUKRI,Mar 2013,2013,positive,negative,negative,Reinvesting + Returning Capital
NAUKRI,Mar 2014,2014,positive,negative,positive,Growth Funded by Financing
NAUKRI,Mar 2015,2015,positive,negative,positive,Growth Funded by Financing
NAUKRI,Mar 2016,2016,positive,negative,negative,Reinvesting + Returning Capital
NAUKRI,Mar 2017,2017,positive,negative,negative,Reinvesting + Returning Capital
NAUKRI,Mar 2018,2018,positive,negative,negative,Reinvesting + Returning Capital
NAUKRI,Mar 2019,2019,positive,negative,negative,Reinvesting + Returning Capital
NAUKRI,Mar 2020,2020,positive,positive,negative,Asset Sale + Debt/Dividend Outflow
NAUKRI,Mar 2021,2021,positive,negative,positive,Growth Funded by Financing
NAUKRI,Mar 2022,2022,positive,negative,positive,Growth Funded by Financing
NAUKRI,Mar 2023,2023,positive,negative,positive,Growth Funded by Financing
NAUKRI,Mar 2024,2024,positive,negative,positive,Growth Funded by Financing
NESTLEIND,Dec 2013,2013,positive,negative,negative,Reinvesting + Returning Capital
NESTLEIND,Dec 2014,2014,positive,negative,negative,Reinvesting + Returning Capital
NESTLEIND,Dec 2015,2015,positive,negative,negative,Reinvesting + Returning Capital
NESTLEIND,Dec 2016,2016,positive,negative,negative,Reinvesting + Returning Capital
NESTLEIND,Dec 2017,2017,positive,negative,negative,Reinvesting + Returning Capital
NESTLEIND,Dec 2018,2018,positive,negative,negative,Reinvesting + Returning Capital
NESTLEIND,Dec 2019,2019,positive,positive,negative,Asset Sale + Debt/Dividend Outflow
NESTLEIND,Dec 2020,2020,positive,negative,negative,Reinvesting + Returning Capital
NESTLEIND,Dec 2021,2021,positive,negative,negative,Reinvesting + Returning Capital
NESTLEIND,Dec 2022,2022,positive,negative,negative,Reinvesting + Returning Capital
NESTLEIND,Dec 2023,2023,positive,negative,negative,Reinvesting + Returning Capital
NESTLEIND,Mar 2024,2024,positive,negative,negative,Reinvesting + Returning Capital
NHPC,Mar 2013,2013,positive,negative,negative,Reinvesting + Returning Capital
NHPC,Mar 2014,2014,positive,negative,negative,Reinvesting + Returning Capital
NHPC,Mar 2015,2015,positive,negative,negative,Reinvesting + Returning Capital
NHPC,Mar 2016,2016,positive,negative,negative,Reinvesting + Returning Capital
NHPC,Mar 2017,2017,positive,negative,negative,Reinvesting + Returning Capital
NHPC,Mar 2018,2018,positive,negative,negative,Reinvesting + Returning Capital
NHPC,Mar 2019,2019,positive,negative,negative,Reinvesting + Returning Capital
NHPC,Mar 2020,2020,positive,negative,positive,Growth Funded by Financing
NHPC,Mar 2021,2021,positive,negative,negative,Reinvesting + Returning Capital
NHPC,Mar 2022,2022,positive,negative,negative,Reinvesting + Returning Capital
NHPC,Mar 2023,2023,positive,negative,negative,Reinvesting + Returning Capital
NHPC,Mar 2024,2024,positive,negative,negative,Reinvesting + Returning Capital
NTPC,Mar 2013,2013,positive,negative,positive,Growth Funded by Financing
NTPC,Mar 2014,2014,positive,negative,negative,Reinvesting + Returning Capital
NTPC,Mar 2015,2015,positive,negative,negative,Reinvesting + Returning Capital
NTPC,Mar 2016,2016,positive,negative,negative,Reinvesting + Returning Capital
NTPC,Mar 2017,2017,positive,negative,positive,Growth Funded by Financing
NTPC,Mar 2018,2018,positive,negative,positive,Growth Funded by Financing
NTPC,Mar 2019,2019,positive,negative,positive,Growth Funded by Financing
NTPC,Mar 2020,2020,positive,negative,positive,Growth Funded by Financing
NTPC,Mar 2021,2021,positive,negative,negative,Reinvesting + Returning Capital
NTPC,Mar 2022,2022,positive,negative,negative,Reinvesting + Returning Capital
NTPC,Mar 2023,2023,positive,negative,negative,Reinvesting + Returning Capital
NTPC,Mar 2024,2024,positive,negative,negative,Reinvesting + Returning Capital
ONGC,Mar 2013,2013,positive,negative,negative,Reinvesting + Returning Capital
ONGC,Mar 2014,2014,positive,negative,positive,Growth Funded by Financing
ONGC,Mar 2015,2015,positive,negative,negative,Reinvesting + Returning Capital
ONGC,Mar 2016,2016,positive,negative,negative,Reinvesting + Returning Capital
ONGC,Mar 2017,2017,positive,negative,negative,Reinvesting + Returning Capital
ONGC,Mar 2018,2018,positive,negative,positive,Growth Funded by Financing
ONGC,Mar 2019,2019,positive,negative,negative,Reinvesting + Returning Capital
ONGC,Mar 2020,2020,positive,negative,negative,Reinvesting + Returning Capital
ONGC,Mar 2021,2021,positive,negative,negative,Reinvesting + Returning Capital
ONGC,Mar 2022,2022,positive,negative,negative,Reinvesting + Returning Capital
ONGC,Mar 2023,2023,positive,negative,negative,Reinvesting + Returning Capital
ONGC,Mar 2024,2024,positive,negative,negative,Reinvesting + Returning Capital
PFC,Mar 2013,2013,negative,positive,positive,Possible Distress Financing
PFC,Mar 2014,2014,negative,positive,positive,Possible Distress Financing
PFC,Mar 2015,2015,negative,negative,positive,Possible Distress Financing
PFC,Mar 2016,2016,negative,negative,positive,Possible Distress Financing
PFC,Mar 2017,2017,positive,negative,positive,Growth Funded by Financing
PFC,Mar 2018,2018,negative,positive,positive,Possible Distress Financing
PFC,Mar 2019,2019,negative,negative,positive,Possible Distress Financing
PFC,Mar 2020,2020,negative,negative,positive,Possible Distress Financing
PFC,Mar 2021,2021,negative,positive,positive,Possible Distress Financing
PFC,Mar 2022,2022,positive,negative,negative,Reinvesting + Returning Capital
PFC,Mar 2023,2023,negative,negative,positive,Possible Distress Financing
PFC,Mar 2024,2024,negative,negative,positive,Possible Distress Financing
PIDILITIND,Mar 2013,2013,positive,negative,negative,Reinvesting + Returning Capital
PIDILITIND,Mar 2014,2014,positive,negative,negative,Reinvesting + Returning Capital
PIDILITIND,Mar 2015,2015,positive,negative,negative,Reinvesting + Returning Capital
PIDILITIND,Mar 2016,2016,positive,negative,negative,Reinvesting + Returning Capital
PIDILITIND,Mar 2017,2017,positive,negative,positive,Growth Funded by Financing
PIDILITIND,Mar 2018,2018,positive,positive,negative,Asset Sale + Debt/Dividend Outflow
PIDILITIND,Mar 2019,2019,positive,negative,negative,Reinvesting + Returning Capital
PIDILITIND,Mar 2020,2020,positive,positive,negative,Asset Sale + Debt/Dividend Outflow
PIDILITIND,Mar 2021,2021,positive,negative,negative,Reinvesting + Returning Capital
PIDILITIND,Mar 2022,2022,positive,negative,negative,Reinvesting + Returning Capital
PIDILITIND,Mar 2023,2023,positive,negative,negative,Reinvesting + Returning Capital
PIDILITIND,Mar 2024,2024,positive,negative,negative,Reinvesting + Returning Capital
PNB,Mar 2013,2013,negative,negative,negative,Cash Burn + Investment
PNB,Mar 2014,2014,positive,negative,positive,Growth Funded by Financing
PNB,Mar 2015,2015,positive,negative,positive,Growth Funded by Financing
PNB,Mar 2016,2016,positive,negative,positive,Growth Funded by Financing
PNB,Mar 2017,2017,positive,positive,negative,Asset Sale + Debt/Dividend Outflow
PNB,Mar 2018,2018,negative,positive,positive,Possible Distress Financing
PNB,Mar 2019,2019,negative,negative,positive,Possible Distress Financing
PNB,Mar 2020,2020,negative,negative,positive,Possible Distress Financing
PNB,Mar 2021,2021,positive,negative,positive,Growth Funded by Financing
PNB,Mar 2022,2022,positive,negative,positive,Growth Funded by Financing
PNB,Mar 2023,2023,positive,negative,positive,Growth Funded by Financing
PNB,Mar 2024,2024,negative,negative,positive,Possible Distress Financing
POWERGRID,Mar 2013,2013,positive,negative,positive,Growth Funded by Financing
POWERGRID,Mar 2014,2014,positive,negative,positive,Growth Funded by Financing
POWERGRID,Mar 2015,2015,positive,negative,positive,Growth Funded by Financing
POWERGRID,Mar 2016,2016,positive,negative,positive,Growth Funded by Financing
POWERGRID,Mar 2017,2017,positive,negative,positive,Growth Funded by Financing
POWERGRID,Mar 2018,2018,positive,negative,positive,Growth Funded by Financing
POWERGRID,Mar 2019,2019,positive,negative,negative,Reinvesting + Returning Capital
POWERGRID,Mar 2020,2020,positive,negative,negative,Reinvesting + Returning Capital
POWERGRID,Mar 2021,2021,positive,negative,negative,Reinvesting + Returning Capital
POWERGRID,Mar 2022,2022,positive,positive,negative,Asset Sale + Debt/Dividend Outflow
POWERGRID,Mar 2023,2023,positive,negative,negative,Reinvesting + Returning Capital
POWERGRID,Mar 2024,2024,positive,negative,negative,Reinvesting + Returning Capital
RECLTD,Mar 2013,2013,negative,positive,positive,Possible Distress Financing
RECLTD,Mar 2014,2014,negative,positive,positive,Possible Distress Financing
RECLTD,Mar 2015,2015,negative,positive,positive,Possible Distress Financing
RECLTD,Mar 2016,2016,negative,negative,positive,Possible Distress Financing
RECLTD,Mar 2017,2017,positive,negative,negative,Reinvesting + Returning Capital
RECLTD,Mar 2018,2018,negative,positive,positive,Possible Distress Financing
RECLTD,Mar 2019,2019,negative,positive,positive,Possible Distress Financing
RECLTD,Mar 2020,2020,negative,positive,positive,Possible Distress Financing
RECLTD,Mar 2021,2021,negative,positive,positive,Possible Distress Financing
RECLTD,Mar 2022,2022,negative,negative,positive,Possible Distress Financing
RECLTD,Mar 2023,2023,negative,negative,positive,Possible Distress Financing
RECLTD,Mar 2024,2024,negative,negative,positive,Possible Distress Financing
RELIANCE,Mar 2013,2013,positive,negative,positive,Growth Funded by Financing
RELIANCE,Mar 2014,2014,positive,negative,positive,Growth Funded by Financing
RELIANCE,Mar 2015,2015,positive,negative,positive,Growth Funded by Financing
RELIANCE,Mar 2016,2016,positive,negative,negative,Reinvesting + Returning Capital
RELIANCE,Mar 2017,2017,positive,negative,positive,Growth Funded by Financing
RELIANCE,Mar 2018,2018,positive,negative,negative,Reinvesting + Returning Capital
RELIANCE,Mar 2019,2019,positive,negative,positive,Growth Funded by Financing
RELIANCE,Mar 2020,2020,positive,negative,negative,Reinvesting + Returning Capital
RELIANCE,Mar 2021,2021,positive,negative,positive,Growth Funded by Financing
RELIANCE,Mar 2022,2022,positive,negative,positive,Growth Funded by Financing
RELIANCE,Mar 2023,2023,positive,negative,positive,Growth Funded by Financing
RELIANCE,Mar 2024,2024,positive,negative,negative,Reinvesting + Returning Capital
SBILIFE,Mar 2013,2013,positive,negative,negative,Reinvesting + Returning Capital
SBILIFE,Mar 2014,2014,positive,negative,negative,Reinvesting + Returning Capital
SBILIFE,Mar 2015,2015,positive,negative,negative,Reinvesting + Returning Capital
SBILIFE,Mar 2016,2016,positive,negative,negative,Reinvesting + Returning Capital
SBILIFE,Mar 2017,2017,positive,negative,negative,Reinvesting + Returning Capital
SBILIFE,Mar 2018,2018,positive,negative,negative,Reinvesting + Returning Capital
SBILIFE,Mar 2019,2019,positive,negative,negative,Reinvesting + Returning Capital
SBILIFE,Mar 2020,2020,positive,negative,negative,Reinvesting + Returning Capital
SBILIFE,Mar 2021,2021,positive,negative,positive,Growth Funded by Financing
SBILIFE,Mar 2022,2022,positive,negative,negative,Reinvesting + Returning Capital
SBILIFE,Mar 2023,2023,positive,negative,negative,Reinvesting + Returning Capital
SBILIFE,Mar 2024,2024,positive,negative,negative,Reinvesting + Returning Capital
SHREECEM,Jun 2013,2013,positive,negative,negative,Reinvesting + Returning Capital
SHREECEM,Jun 2014,2014,positive,negative,negative,Reinvesting + Returning Capital
SHREECEM,Jun 2015,2015,positive,negative,negative,Reinvesting + Returning Capital
SHREECEM,Mar 2016 9m,2016,positive,negative,negative,Reinvesting + Returning Capital
SHREECEM,Mar 2017,2017,positive,negative,negative,Reinvesting + Returning Capital
SHREECEM,Mar 2018,2018,positive,negative,positive,Growth Funded by Financing
SHREECEM,Mar 2019,2019,positive,negative,negative,Reinvesting + Returning Capital
SHREECEM,Mar 2020,2020,positive,negative,positive,Growth Funded by Financing
SHREECEM,Mar 2021,2021,positive,negative,negative,Reinvesting + Returning Capital
SHREECEM,Mar 2022,2022,positive,negative,negative,Reinvesting + Returning Capital
SHREECEM,Mar 2023,2023,positive,negative,negative,Reinvesting + Returning Capital
SHREECEM,Mar 2024,2024,positive,negative,negative,Reinvesting + Returning Capital
SHRIRAMFIN,Mar 2013,2013,negative,negative,positive,Possible Distress Financing
SHRIRAMFIN,Mar 2014,2014,negative,negative,positive,Possible Distress Financing
SHRIRAMFIN,Mar 2015,2015,negative,negative,positive,Possible Distress Financing
SHRIRAMFIN,Mar 2016,2016,negative,negative,positive,Possible Distress Financing
SHRIRAMFIN,Mar 2017,2017,negative,negative,positive,Possible Distress Financing
SHRIRAMFIN,Mar 2018,2018,negative,positive,positive,Possible Distress Financing
SHRIRAMFIN,Mar 2019,2019,negative,negative,positive,Possible Distress Financing
SHRIRAMFIN,Mar 2020,2020,negative,negative,positive,Possible Distress Financing
SHRIRAMFIN,Mar 2021,2021,negative,negative,positive,Possible Distress Financing
SHRIRAMFIN,Mar 2022,2022,negative,negative,positive,Possible Distress Financing
SHRIRAMFIN,Mar 2023,2023,negative,positive,positive,Possible Distress Financing
SHRIRAMFIN,Mar 2024,2024,negative,negative,positive,Possible Distress Financing
SIEMENS,Sep 2011,2011,positive,positive,negative,Asset Sale + Debt/Dividend Outflow
SIEMENS,Sep 2014,2014,positive,positive,negative,Asset Sale + Debt/Dividend Outflow
SIEMENS,Sep 2015,2015,positive,positive,negative,Asset Sale + Debt/Dividend Outflow
SIEMENS,Sep 2016,2016,positive,positive,negative,Asset Sale + Debt/Dividend Outflow
SIEMENS,Sep 2017,2017,positive,positive,negative,Asset Sale + Debt/Dividend Outflow
SIEMENS,Sep 2018,2018,positive,negative,negative,Reinvesting + Returning Capital
SIEMENS,Sep 2019,2019,positive,negative,negative,Reinvesting + Returning Capital
SIEMENS,Sep 2020,2020,positive,positive,negative,Asset Sale + Debt/Dividend Outflow
SIEMENS,Sep 2021,2021,positive,negative,negative,Reinvesting + Returning Capital
SIEMENS,Sep 2022,2022,positive,negative,negative,Reinvesting + Returning Capital
SIEMENS,Sep 2023,2023,positive,negative,negative,Reinvesting + Returning Capital
SIEMENS,Sep 2024,2024,positive,negative,negative,Reinvesting + Returning Capital
SUNPHARMA,Mar 2013,2013,positive,negative,negative,Reinvesting + Returning Capital
SUNPHARMA,Mar 2014,2014,positive,negative,positive,Growth Funded by Financing
SUNPHARMA,Mar 2015,2015,positive,negative,negative,Reinvesting + Returning Capital
SUNPHARMA,Mar 2016,2016,positive,negative,negative,Reinvesting + Returning Capital
SUNPHARMA,Mar 2017,2017,positive,negative,negative,Reinvesting + Returning Capital
SUNPHARMA,Mar 2018,2018,positive,negative,negative,Reinvesting + Returning Capital
SUNPHARMA,Mar 2019,2019,positive,negative,negative,Reinvesting + Returning Capital
SUNPHARMA,Mar 2020,2020,positive,negative,negative,Reinvesting + Returning Capital
SUNPHARMA,Mar 2021,2021,positive,positive,negative,Asset Sale + Debt/Dividend Outflow
SUNPHARMA,Mar 2022,2022,positive,negative,negative,Reinvesting + Returning Capital
SUNPHARMA,Mar 2023,2023,positive,negative,positive,Growth Funded by Financing
SUNPHARMA,Mar 2024,2024,positive,negative,negative,Reinvesting + Returning Capital
TATACONSUM,Mar 2013,2013,positive,positive,positive,Cash Accumulation / Asset Sale
TATACONSUM,Mar 2014,2014,positive,negative,negative,Reinvesting + Returning Capital
TATACONSUM,Mar 2015,2015,positive,negative,negative,Reinvesting + Returning Capital
TATACONSUM,Mar 2016,2016,positive,positive,negative,Asset Sale + Debt/Dividend Outflow
TATACONSUM,Mar 2017,2017,positive,positive,negative,Asset Sale + Debt/Dividend Outflow
TATACONSUM,Mar 2018,2018,positive,negative,negative,Reinvesting + Returning Capital
TATACONSUM,Mar 2019,2019,positive,positive,negative,Asset Sale + Debt/Dividend Outflow
TATACONSUM,Mar 2020,2020,positive,negative,negative,Reinvesting + Returning Capital
TATACONSUM,Mar 2021,2021,positive,negative,negative,Reinvesting + Returning Capital
TATACONSUM,Mar 2022,2022,positive,negative,negative,Reinvesting + Returning Capital
TATACONSUM,Mar 2023,2023,positive,negative,negative,Reinvesting + Returning Capital
TATACONSUM,Mar 2024,2024,positive,negative,positive,Growth Funded by Financing
TATAMOTORS,Mar 2013,2013,positive,negative,negative,Reinvesting + Returning Capital
TATAMOTORS,Mar 2014,2014,positive,negative,negative,Reinvesting + Returning Capital
TATAMOTORS,Mar 2015,2015,positive,negative,positive,Growth Funded by Financing
TATAMOTORS,Mar 2016,2016,positive,negative,negative,Reinvesting + Returning Capital
TATAMOTORS,Mar 2017,2017,positive,negative,positive,Growth Funded by Financing
TATAMOTORS,Mar 2018,2018,positive,negative,positive,Growth Funded by Financing
TATAMOTORS,Mar 2019,2019,positive,negative,positive,Growth Funded by Financing
TATAMOTORS,Mar 2020,2020,positive,negative,positive,Growth Funded by Financing
TATAMOTORS,Mar 2021,2021,positive,negative,positive,Growth Funded by Financing
TATAMOTORS,Mar 2022,2022,positive,negative,negative,Reinvesting + Returning Capital
TATAMOTORS,Mar 2023,2023,positive,negative,negative,Reinvesting + Returning Capital
TATAMOTORS,Mar 2024,2024,positive,negative,negative,Reinvesting + Returning Capital
TATAPOWER,Mar 2013,2013,positive,negative,negative,Reinvesting + Returning Capital
TATAPOWER,Mar 2014,2014,positive,negative,negative,Reinvesting + Returning Capital
TATAPOWER,Mar 2015,2015,positive,negative,negative,Reinvesting + Returning Capital
TATAPOWER,Mar 2016,2016,positive,negative,negative,Reinvesting + Returning Capital
TATAPOWER,Mar 2017,2017,positive,negative,positive,Growth Funded by Financing
TATAPOWER,Mar 2018,2018,positive,negative,negative,Reinvesting + Returning Capital
TATAPOWER,Mar 2019,2019,positive,negative,negative,Reinvesting + Returning Capital
TATAPOWER,Mar 2020,2020,positive,negative,negative,Reinvesting + Returning Capital
TATAPOWER,Mar 2021,2021,positive,positive,negative,Asset Sale + Debt/Dividend Outflow
TATAPOWER,Mar 2022,2022,positive,negative,negative,Reinvesting + Returning Capital
TATAPOWER,Mar 2023,2023,positive,negative,positive,Growth Funded by Financing
TATAPOWER,Mar 2024,2024,positive,negative,negative,Reinvesting + Returning Capital
TATASTEEL,Mar 2013,2013,positive,negative,negative,Reinvesting + Returning Capital
TATASTEEL,Mar 2014,2014,positive,negative,positive,Growth Funded by Financing
TATASTEEL,Mar 2015,2015,positive,negative,negative,Reinvesting + Returning Capital
TATASTEEL,Mar 2016,2016,positive,negative,negative,Reinvesting + Returning Capital
TATASTEEL,Mar 2017,2017,positive,negative,negative,Reinvesting + Returning Capital
TATASTEEL,Mar 2018,2018,positive,negative,positive,Growth Funded by Financing
TATASTEEL,Mar 2019,2019,positive,negative,negative,Reinvesting + Returning Capital
TATASTEEL,Mar 2020,2020,positive,negative,negative,Reinvesting + Returning Capital
TATASTEEL,Mar 2021,2021,positive,negative,negative,Reinvesting + Returning Capital
TATASTEEL,Mar 2022,2022,positive,negative,negative,Reinvesting + Returning Capital
TATASTEEL,Mar 2023,2023,positive,negative,negative,Reinvesting + Returning Capital
TATASTEEL,Mar 2024,2024,positive,negative,negative,Reinvesting + Returning Capital
TCS,Mar 2013,2013,positive,negative,negative,Reinvesting + Returning Capital
TCS,Mar 2014,2014,positive,negative,negative,Reinvesting + Returning Capital
TCS,Mar 2015,2015,positive,negative,negative,Reinvesting + Returning Capital
TCS,Mar 2016,2016,positive,negative,negative,Reinvesting + Returning Capital
TCS,Mar 2017,2017,positive,negative,negative,Reinvesting + Returning Capital
TCS,Mar 2018,2018,positive,positive,negative,Asset Sale + Debt/Dividend Outflow
TCS,Mar 2019,2019,positive,positive,negative,Asset Sale + Debt/Dividend Outflow
TCS,Mar 2020,2020,positive,positive,negative,Asset Sale + Debt/Dividend Outflow
TCS,Mar 2021,2021,positive,negative,negative,Reinvesting + Returning Capital
TCS,Mar 2022,2022,positive,negative,negative,Reinvesting + Returning Capital
TCS,Mar 2023,2023,positive,positive,negative,Asset Sale + Debt/Dividend Outflow
TCS,Mar 2024,2024,positive,positive,negative,Asset Sale + Debt/Dividend Outflow
TECHM,Mar 2013,2013,positive,negative,positive,Growth Funded by Financing
TECHM,Mar 2014,2014,positive,positive,negative,Asset Sale + Debt/Dividend Outflow
TECHM,Mar 2015,2015,positive,negative,negative,Reinvesting + Returning Capital
TECHM,Mar 2016,2016,positive,negative,negative,Reinvesting + Returning Capital
TECHM,Mar 2017,2017,positive,negative,negative,Reinvesting + Returning Capital
TECHM,Mar 2018,2018,positive,negative,negative,Reinvesting + Returning Capital
TECHM,Mar 2019,2019,positive,negative,negative,Reinvesting + Returning Capital
TECHM,Mar 2020,2020,positive,positive,negative,Asset Sale + Debt/Dividend Outflow
TECHM,Mar 2021,2021,positive,negative,negative,Reinvesting + Returning Capital
TECHM,Mar 2022,2022,positive,positive,negative,Asset Sale + Debt/Dividend Outflow
TECHM,Mar 2023,2023,positive,negative,negative,Reinvesting + Returning Capital
TECHM,Mar 2024,2024,positive,negative,negative,Reinvesting + Returning Capital
TITAN,Mar 2013,2013,positive,negative,negative,Reinvesting + Returning Capital
TITAN,Mar 2014,2014,negative,negative,positive,Possible Distress Financing
TITAN,Mar 2015,2015,positive,negative,negative,Reinvesting + Returning Capital
TITAN,Mar 2016,2016,positive,negative,negative,Reinvesting + Returning Capital
TITAN,Mar 2017,2017,positive,negative,negative,Reinvesting + Returning Capital
TITAN,Mar 2018,2018,negative,positive,negative,Operations Weak / Selling Assets
TITAN,Mar 2019,2019,positive,negative,negative,Reinvesting + Returning Capital
TITAN,Mar 2020,2020,negative,positive,negative,Operations Weak / Selling Assets
TITAN,Mar 2021,2021,positive,negative,negative,Reinvesting + Returning Capital
TITAN,Mar 2022,2022,negative,positive,negative,Operations Weak / Selling Assets
TITAN,Mar 2023,2023,positive,negative,positive,Growth Funded by Financing
TITAN,Mar 2024,2024,positive,negative,negative,Reinvesting + Returning Capital
TORNTPHARM,Mar 2013,2013,positive,negative,positive,Growth Funded by Financing
TORNTPHARM,Mar 2014,2014,positive,negative,positive,Growth Funded by Financing
TORNTPHARM,Mar 2015,2015,positive,negative,positive,Growth Funded by Financing
TORNTPHARM,Mar 2016,2016,positive,negative,negative,Reinvesting + Returning Capital
TORNTPHARM,Mar 2017,2017,positive,negative,negative,Reinvesting + Returning Capital
TORNTPHARM,Mar 2018,2018,positive,negative,positive,Growth Funded by Financing
TORNTPHARM,Mar 2019,2019,positive,negative,negative,Reinvesting + Returning Capital
TORNTPHARM,Mar 2020,2020,positive,positive,negative,Asset Sale + Debt/Dividend Outflow
TORNTPHARM,Mar 2021,2021,positive,negative,negative,Reinvesting + Returning Capital
TORNTPHARM,Mar 2022,2022,positive,negative,negative,Reinvesting + Returning Capital
TORNTPHARM,Mar 2023,2023,positive,negative,positive,Growth Funded by Financing
TORNTPHARM,Mar 2024,2024,positive,negative,negative,Reinvesting + Returning Capital
TRENT,Mar 2013,2013,positive,negative,positive,Growth Funded by Financing
TRENT,Mar 2014,2014,negative,negative,negative,Cash Burn + Investment
TRENT,Mar 2015,2015,negative,negative,positive,Possible Distress Financing
TRENT,Mar 2016,2016,positive,negative,negative,Reinvesting + Returning Capital
TRENT,Mar 2017,2017,positive,negative,negative,Reinvesting + Returning Capital
TRENT,Mar 2018,2018,positive,negative,negative,Reinvesting + Returning Capital
TRENT,Mar 2019,2019,positive,negative,positive,Growth Funded by Financing
TRENT,Mar 2020,2020,positive,negative,positive,Growth Funded by Financing
TRENT,Mar 2021,2021,positive,positive,negative,Asset Sale + Debt/Dividend Outflow
TRENT,Mar 2022,2022,positive,positive,negative,Asset Sale + Debt/Dividend Outflow
TRENT,Mar 2023,2023,positive,negative,negative,Reinvesting + Returning Capital
TRENT,Mar 2024,2024,positive,negative,negative,Reinvesting + Returning Capital
TVSMOTOR,Mar 2013,2013,positive,negative,negative,Reinvesting + Returning Capital
TVSMOTOR,Mar 2014,2014,positive,negative,negative,Reinvesting + Returning Capital
TVSMOTOR,Mar 2015,2015,positive,negative,positive,Growth Funded by Financing
TVSMOTOR,Mar 2016,2016,positive,negative,negative,Reinvesting + Returning Capital
TVSMOTOR,Mar 2017,2017,positive,negative,negative,Reinvesting + Returning Capital
TVSMOTOR,Mar 2018,2018,positive,negative,positive,Growth Funded by Financing
TVSMOTOR,Mar 2019,2019,negative,negative,positive,Possible Distress Financing
TVSMOTOR,Mar 2020,2020,positive,negative,positive,Growth Funded by Financing
TVSMOTOR,Mar 2021,2021,positive,negative,positive,Growth Funded by Financing
TVSMOTOR,Mar 2022,2022,negative,negative,positive,Possible Distress Financing
TVSMOTOR,Mar 2023,2023,negative,negative,positive,Possible Distress Financing
TVSMOTOR,Mar 2024,2024,negative,negative,positive,Possible Distress Financing
ULTRACEMCO,Mar 2013,2013,positive,negative,positive,Growth Funded by Financing
ULTRACEMCO,Mar 2014,2014,positive,negative,negative,Reinvesting + Returning Capital
ULTRACEMCO,Mar 2015,2015,positive,negative,negative,Reinvesting + Returning Capital
ULTRACEMCO,Mar 2016,2016,positive,negative,negative,Reinvesting + Returning Capital
ULTRACEMCO,Mar 2017,2017,positive,negative,negative,Reinvesting + Returning Capital
ULTRACEMCO,Mar 2018,2018,positive,positive,negative,Asset Sale + Debt/Dividend Outflow
ULTRACEMCO,Mar 2019,2019,positive,positive,negative,Asset Sale + Debt/Dividend Outflow
ULTRACEMCO,Mar 2020,2020,positive,negative,negative,Reinvesting + Returning Capital
ULTRACEMCO,Mar 2021,2021,positive,negative,negative,Reinvesting + Returning Capital
ULTRACEMCO,Mar 2022,2022,positive,positive,negative,Asset Sale + Debt/Dividend Outflow
ULTRACEMCO,Mar 2023,2023,positive,negative,negative,Reinvesting + Returning Capital
ULTRACEMCO,Mar 2024,2024,positive,negative,negative,Reinvesting + Returning Capital
UNIONBANK,Mar 2013,2013,negative,negative,positive,Possible Distress Financing
UNIONBANK,Mar 2014,2014,positive,negative,positive,Growth Funded by Financing
UNIONBANK,Mar 2015,2015,negative,negative,positive,Possible Distress Financing
UNIONBANK,Mar 2016,2016,positive,negative,negative,Reinvesting + Returning Capital
UNIONBANK,Mar 2017,2017,negative,negative,positive,Possible Distress Financing
UNIONBANK,Mar 2018,2018,positive,negative,positive,Growth Funded by Financing
UNIONBANK,Mar 2019,2019,negative,negative,positive,Possible Distress Financing
UNIONBANK,Mar 2020,2020,negative,negative,positive,Possible Distress Financing
UNIONBANK,Mar 2021,2021,positive,negative,negative,Reinvesting + Returning Capital
UNIONBANK,Mar 2022,2022,positive,negative,negative,Reinvesting + Returning Capital
UNIONBANK,Mar 2023,2023,positive,negative,negative,Reinvesting + Returning Capital
UNIONBANK,Mar 2024,2024,positive,negative,negative,Reinvesting + Returning Capital
UNITDSPR,Mar 2013,2013,positive,negative,negative,Reinvesting + Returning Capital
UNITDSPR,Mar 2014,2014,negative,negative,positive,Possible Distress Financing
UNITDSPR,Mar 2015,2015,negative,positive,negative,Operations Weak / Selling Assets
UNITDSPR,Mar 2016,2016,positive,positive,negative,Asset Sale + Debt/Dividend Outflow
UNITDSPR,Mar 2017,2017,positive,negative,negative,Reinvesting + Returning Capital
UNITDSPR,Mar 2018,2018,positive,positive,negative,Asset Sale + Debt/Dividend Outflow
UNITDSPR,Mar 2019,2019,positive,negative,negative,Reinvesting + Returning Capital
UNITDSPR,Mar 2020,2020,positive,negative,negative,Reinvesting + Returning Capital
UNITDSPR,Mar 2021,2021,positive,negative,negative,Reinvesting + Returning Capital
UNITDSPR,Mar 2022,2022,positive,negative,negative,Reinvesting + Returning Capital
UNITDSPR,Mar 2023,2023,positive,negative,negative,Reinvesting + Returning Capital
UNITDSPR,Mar 2024,2024,positive,positive,negative,Asset Sale + Debt/Dividend Outflow
VEDL,Mar 2013,2013,positive,negative,positive,Growth Funded by Financing
VEDL,Mar 2014,2014,positive,negative,negative,Reinvesting + Returning Capital
VEDL,Mar 2015,2015,positive,negative,negative,Reinvesting + Returning Capital
VEDL,Mar 2016,2016,positive,negative,negative,Reinvesting + Returning Capital
VEDL,Mar 2017,2017,positive,positive,negative,Asset Sale + Debt/Dividend Outflow
VEDL,Mar 2018,2018,positive,positive,negative,Asset Sale + Debt/Dividend Outflow
VEDL,Mar 2019,2019,positive,negative,negative,Reinvesting + Returning Capital
VEDL,Mar 2020,2020,positive,negative,negative,Reinvesting + Returning Capital
VEDL,Mar 2021,2021,positive,negative,negative,Reinvesting + Returning Capital
VEDL,Mar 2022,2022,positive,negative,negative,Reinvesting + Returning Capital
VEDL,Mar 2023,2023,positive,negative,negative,Reinvesting + Returning Capital
VEDL,Mar 2024,2024,positive,negative,negative,Reinvesting + Returning Capital
WIPRO,Mar 2013,2013,positive,negative,negative,Reinvesting + Returning Capital
WIPRO,Mar 2014,2014,positive,negative,negative,Reinvesting + Returning Capital
WIPRO,Mar 2015,2015,positive,negative,negative,Reinvesting + Returning Capital
WIPRO,Mar 2016,2016,positive,negative,negative,Reinvesting + Returning Capital
WIPRO,Mar 2017,2017,positive,negative,negative,Reinvesting + Returning Capital
WIPRO,Mar 2018,2018,positive,positive,negative,Asset Sale + Debt/Dividend Outflow
WIPRO,Mar 2019,2019,positive,positive,negative,Asset Sale + Debt/Dividend Outflow
WIPRO,Mar 2020,2020,positive,positive,negative,Asset Sale + Debt/Dividend Outflow
WIPRO,Mar 2021,2021,positive,positive,negative,Asset Sale + Debt/Dividend Outflow
WIPRO,Mar 2022,2022,positive,negative,positive,Growth Funded by Financing
WIPRO,Mar 2023,2023,positive,negative,negative,Reinvesting + Returning Capital
WIPRO,Mar 2024,2024,positive,positive,negative,Asset Sale + Debt/Dividend Outflow
ZOMATO,Mar 2018,2018,missing,missing,missing,Mixed / Neutral
ZOMATO,Mar 2019,2019,missing,missing,missing,Mixed / Neutral
ZOMATO,Mar 2020,2020,negative,positive,positive,Possible Distress Financing
ZOMATO,Mar 2021,2021,negative,negative,positive,Possible Distress Financing
ZOMATO,Mar 2022,2022,negative,negative,positive,Possible Distress Financing
ZOMATO,Mar 2023,2023,negative,positive,negative,Operations Weak / Selling Assets
ZOMATO,Mar 2024,2024,positive,negative,negative,Reinvesting + Returning Capital
ZYDUSLIFE,Mar 2013,2013,positive,negative,positive,Growth Funded by Financing
ZYDUSLIFE,Mar 2014,2014,positive,negative,negative,Reinvesting + Returning Capital
ZYDUSLIFE,Mar 2015,2015,positive,negative,negative,Reinvesting + Returning Capital
ZYDUSLIFE,Mar 2016,2016,positive,negative,negative,Reinvesting + Returning Capital
ZYDUSLIFE,Mar 2017,2017,positive,negative,positive,Growth Funded by Financing
ZYDUSLIFE,Mar 2018,2018,positive,negative,positive,Growth Funded by Financing
ZYDUSLIFE,Mar 2019,2019,positive,negative,positive,Growth Funded by Financing
ZYDUSLIFE,Mar 2020,2020,positive,negative,negative,Reinvesting + Returning Capital
ZYDUSLIFE,Mar 2021,2021,positive,negative,negative,Reinvesting + Returning Capital
ZYDUSLIFE,Mar 2022,2022,positive,negative,negative,Reinvesting + Returning Capital
ZYDUSLIFE,Mar 2023,2023,positive,positive,negative,Asset Sale + Debt/Dividend Outflow
ZYDUSLIFE,Mar 2024,2024,positive,negative,negative,Reinvesting + Returning Capital
