company_id,year,cfo_sign,cfi_sign,cff_sign,pattern_label
TCS,Mar-13,-,-,-,Pre-Revenue
TCS,Mar-14,-,-,-,Pre-Revenue
TCS,Mar-15,-,-,-,Pre-Revenue
TCS,Mar-16,-,-,-,Pre-Revenue
TCS,Mar-17,-,-,-,Pre-Revenue
TCS,Mar-18,-,-,-,Pre-Revenue
TCS,Mar-19,-,-,-,Pre-Revenue
TCS,Mar-20,-,-,-,Pre-Revenue
TCS,Mar-21,-,-,-,Pre-Revenue
TCS,Mar-22,-,-,-,Pre-Revenue
TCS,Mar-23,-,-,-,Pre-Revenue
TCS,Mar-24,-,-,-,Pre-Revenue
ABB,Dec 2012,-,-,-,Pre-Revenue
ABB,Mar 2014,-,-,-,Pre-Revenue
ABB,Mar 2015,-,-,-,Pre-Revenue
ABB,Mar 2016,-,-,-,Pre-Revenue
ABB,Mar 2017,-,-,-,Pre-Revenue
ABB,Mar 2018,-,-,-,Pre-Revenue
ABB,Mar 2019,-,-,-,Pre-Revenue
ABB,Mar 2020,-,-,-,Pre-Revenue
ABB,Mar 2021,-,-,-,Pre-Revenue
ABB,Mar 2022,-,-,-,Pre-Revenue
ABB,Mar 2023,-,-,-,Pre-Revenue
ABB,Mar 2024,-,-,-,Pre-Revenue
ABB,Mar 2014,-,-,-,Pre-Revenue
ABB,Mar 2015,-,-,-,Pre-Revenue
ABB,Mar 2016,-,-,-,Pre-Revenue
ABB,Mar 2017,-,-,-,Pre-Revenue
ABB,Mar 2018,-,-,-,Pre-Revenue
ABB,Mar 2019,-,-,-,Pre-Revenue
ABB,Mar 2020,-,-,-,Pre-Revenue
ABB,Mar 2021,-,-,-,Pre-Revenue
ABB,Mar 2022,-,-,-,Pre-Revenue
ABB,Mar 2023,-,-,-,Pre-Revenue
ABB,Mar 2024,-,-,-,Pre-Revenue
ADANIENSOL,Mar 2014,-,-,-,Pre-Revenue
ADANIENSOL,Mar 2015,-,-,-,Pre-Revenue
ADANIENSOL,Mar 2016,-,-,-,Pre-Revenue
ADANIENSOL,Mar 2017,-,-,-,Pre-Revenue
ADANIENSOL,Mar 2018,-,-,-,Pre-Revenue
ADANIENSOL,Mar 2019,-,-,-,Pre-Revenue
ADANIENSOL,Mar 2020,-,-,-,Pre-Revenue
ADANIENSOL,Mar 2021,-,-,-,Pre-Revenue
ADANIENSOL,Mar 2022,-,-,-,Pre-Revenue
ADANIENSOL,Mar 2023,-,-,-,Pre-Revenue
ADANIENSOL,Mar 2024,-,-,-,Pre-Revenue
ADANIENT,Mar 2013,-,-,-,Pre-Revenue
ADANIENT,Mar 2014,-,-,-,Pre-Revenue
ADANIENT,Mar 2015,-,-,-,Pre-Revenue
ADANIENT,Mar 2016,-,-,-,Pre-Revenue
ADANIENT,Mar 2017,-,-,-,Pre-Revenue
ADANIENT,Mar 2018,-,-,-,Pre-Revenue
ADANIENT,Mar 2019,-,-,-,Pre-Revenue
ADANIENT,Mar 2020,-,-,-,Pre-Revenue
ADANIENT,Mar 2021,-,-,-,Pre-Revenue
ADANIENT,Mar 2022,-,-,-,Pre-Revenue
ADANIENT,Mar 2023,-,-,-,Pre-Revenue
ADANIENT,Mar 2024,-,-,-,Pre-Revenue
ADANIGREEN,Mar 2017,-,-,-,Pre-Revenue
ADANIGREEN,Mar 2018,-,-,-,Pre-Revenue
ADANIGREEN,Mar 2019,-,-,-,Pre-Revenue
ADANIGREEN,Mar 2020,-,-,-,Pre-Revenue
ADANIGREEN,Mar 2021,-,-,-,Pre-Revenue
ADANIGREEN,Mar 2022,-,-,-,Pre-Revenue
ADANIGREEN,Mar 2023,-,-,-,Pre-Revenue
ADANIGREEN,Mar 2024,-,-,-,Pre-Revenue
ADANIPORTS,Mar 2013,-,-,-,Pre-Revenue
ADANIPORTS,Mar 2013,-,-,-,Pre-Revenue
ADANIPORTS,Mar 2014,-,-,-,Pre-Revenue
ADANIPORTS,Mar 2014,-,-,-,Pre-Revenue
ADANIPORTS,Mar 2015,-,-,-,Pre-Revenue
ADANIPORTS,Mar 2015,-,-,-,Pre-Revenue
ADANIPORTS,Mar 2016,-,-,-,Pre-Revenue
ADANIPORTS,Mar 2016,-,-,-,Pre-Revenue
ADANIPORTS,Mar 2017,-,-,-,Pre-Revenue
ADANIPORTS,Mar 2017,-,-,-,Pre-Revenue
ADANIPORTS,Mar 2018,-,-,-,Pre-Revenue
ADANIPORTS,Mar 2018,-,-,-,Pre-Revenue
ADANIPORTS,Mar 2019,-,-,-,Pre-Revenue
ADANIPORTS,Mar 2019,-,-,-,Pre-Revenue
ADANIPORTS,Mar 2020,-,-,-,Pre-Revenue
ADANIPORTS,Mar 2020,-,-,-,Pre-Revenue
ADANIPORTS,Mar 2021,-,-,-,Pre-Revenue
ADANIPORTS,Mar 2021,-,-,-,Pre-Revenue
ADANIPORTS,Mar 2022,-,-,-,Pre-Revenue
ADANIPORTS,Mar 2022,-,-,-,Pre-Revenue
ADANIPORTS,Mar 2023,-,-,-,Pre-Revenue
ADANIPORTS,Mar 2023,-,-,-,Pre-Revenue
ADANIPORTS,Mar 2024,-,-,-,Pre-Revenue
ADANIPORTS,Mar 2024,-,-,-,Pre-Revenue
ADANIPOWER,Mar 2013,-,-,-,Pre-Revenue
ADANIPOWER,Mar 2014,-,-,-,Pre-Revenue
ADANIPOWER,Mar 2015,-,-,-,Pre-Revenue
ADANIPOWER,Mar 2016,-,-,-,Pre-Revenue
ADANIPOWER,Mar 2017,-,-,-,Pre-Revenue
ADANIPOWER,Mar 2018,-,-,-,Pre-Revenue
ADANIPOWER,Mar 2019,-,-,-,Pre-Revenue
ADANIPOWER,Mar 2020,-,-,-,Pre-Revenue
ADANIPOWER,Mar 2021,-,-,-,Pre-Revenue
ADANIPOWER,Mar 2022,-,-,-,Pre-Revenue
ADANIPOWER,Mar 2023,-,-,-,Pre-Revenue
ADANIPOWER,Mar 2024,-,-,-,Pre-Revenue
AMBUJACEM,Dec 2012,-,-,-,Pre-Revenue
AMBUJACEM,Dec 2013,-,-,-,Pre-Revenue
AMBUJACEM,Dec 2014,-,-,-,Pre-Revenue
AMBUJACEM,Dec 2015,-,-,-,Pre-Revenue
AMBUJACEM,Dec 2016,-,-,-,Pre-Revenue
AMBUJACEM,Dec 2017,-,-,-,Pre-Revenue
AMBUJACEM,Dec 2018,-,-,-,Pre-Revenue
AMBUJACEM,Dec 2019,-,-,-,Pre-Revenue
AMBUJACEM,Dec 2020,-,-,-,Pre-Revenue
AMBUJACEM,Dec 2021,-,-,-,Pre-Revenue
AMBUJACEM,Mar 2023,-,-,-,Pre-Revenue
AMBUJACEM,Mar 2024,-,-,-,Pre-Revenue
APOLLOHOSP,Mar 2013,-,-,-,Pre-Revenue
APOLLOHOSP,Mar 2014,-,-,-,Pre-Revenue
APOLLOHOSP,Mar 2015,-,-,-,Pre-Revenue
APOLLOHOSP,Mar 2016,-,-,-,Pre-Revenue
APOLLOHOSP,Mar 2017,-,-,-,Pre-Revenue
APOLLOHOSP,Mar 2018,-,-,-,Pre-Revenue
APOLLOHOSP,Mar 2019,-,-,-,Pre-Revenue
APOLLOHOSP,Mar 2020,-,-,-,Pre-Revenue
APOLLOHOSP,Mar 2021,-,-,-,Pre-Revenue
APOLLOHOSP,Mar 2022,-,-,-,Pre-Revenue
APOLLOHOSP,Mar 2023,-,-,-,Pre-Revenue
APOLLOHOSP,Mar 2024,-,-,-,Pre-Revenue
ASIANPAINT,Mar 2013,-,-,-,Pre-Revenue
ASIANPAINT,Mar 2014,-,-,-,Pre-Revenue
ASIANPAINT,Mar 2015,-,-,-,Pre-Revenue
ASIANPAINT,Mar 2016,-,-,-,Pre-Revenue
ASIANPAINT,Mar 2017,-,-,-,Pre-Revenue
ASIANPAINT,Mar 2018,-,-,-,Pre-Revenue
ASIANPAINT,Mar 2019,-,-,-,Pre-Revenue
ASIANPAINT,Mar 2020,-,-,-,Pre-Revenue
ASIANPAINT,Mar 2021,-,-,-,Pre-Revenue
ASIANPAINT,Mar 2022,-,-,-,Pre-Revenue
ASIANPAINT,Mar 2023,-,-,-,Pre-Revenue
ASIANPAINT,Mar 2024,-,-,-,Pre-Revenue
AGTL,Mar 2018,-,-,-,Pre-Revenue
AGTL,Mar 2019,-,-,-,Pre-Revenue
AGTL,Mar 2020,-,-,-,Pre-Revenue
AGTL,Mar 2021,-,-,-,Pre-Revenue
AGTL,Mar 2022,-,-,-,Pre-Revenue
AGTL,Mar 2023,-,-,-,Pre-Revenue
AGTL,Mar 2024,-,-,-,Pre-Revenue
AXISBANK,Mar 2013,-,-,-,Pre-Revenue
AXISBANK,Mar 2014,-,-,-,Pre-Revenue
AXISBANK,Mar 2015,-,-,-,Pre-Revenue
AXISBANK,Mar 2016,-,-,-,Pre-Revenue
AXISBANK,Mar 2017,-,-,-,Pre-Revenue
AXISBANK,Mar 2018,-,-,-,Pre-Revenue
AXISBANK,Mar 2019,-,-,-,Pre-Revenue
AXISBANK,Mar 2020,-,-,-,Pre-Revenue
AXISBANK,Mar 2021,-,-,-,Pre-Revenue
AXISBANK,Mar 2022,-,-,-,Pre-Revenue
AXISBANK,Mar 2023,-,-,-,Pre-Revenue
AXISBANK,Mar 2024,-,-,-,Pre-Revenue
BAJAJ-AUTO,Mar 2013,-,-,-,Pre-Revenue
BAJAJ-AUTO,Mar 2014,-,-,-,Pre-Revenue
BAJAJ-AUTO,Mar 2015,-,-,-,Pre-Revenue
BAJAJ-AUTO,Mar 2016,-,-,-,Pre-Revenue
BAJAJ-AUTO,Mar 2017,-,-,-,Pre-Revenue
BAJAJ-AUTO,Mar 2018,-,-,-,Pre-Revenue
BAJAJ-AUTO,Mar 2019,-,-,-,Pre-Revenue
BAJAJ-AUTO,Mar 2020,-,-,-,Pre-Revenue
BAJAJ-AUTO,Mar 2021,-,-,-,Pre-Revenue
BAJAJ-AUTO,Mar 2022,-,-,-,Pre-Revenue
BAJAJ-AUTO,Mar 2023,-,-,-,Pre-Revenue
BAJAJ-AUTO,Mar 2024,-,-,-,Pre-Revenue
BAJAJ-AUTO,Mar 2013,-,-,-,Pre-Revenue
BAJAJ-AUTO,Mar 2014,-,-,-,Pre-Revenue
BAJAJ-AUTO,Mar 2015,-,-,-,Pre-Revenue
BAJAJ-AUTO,Mar 2016,-,-,-,Pre-Revenue
BAJAJ-AUTO,Mar 2017,-,-,-,Pre-Revenue
BAJAJ-AUTO,Mar 2018,-,-,-,Pre-Revenue
BAJAJ-AUTO,Mar 2019,-,-,-,Pre-Revenue
BAJAJ-AUTO,Mar 2020,-,-,-,Pre-Revenue
BAJAJ-AUTO,Mar 2021,-,-,-,Pre-Revenue
BAJAJ-AUTO,Mar 2022,-,-,-,Pre-Revenue
BAJAJ-AUTO,Mar 2023,-,-,-,Pre-Revenue
BAJAJ-AUTO,Mar 2024,-,-,-,Pre-Revenue
BAJAJFINSV,Mar 2013,-,-,-,Pre-Revenue
BAJAJFINSV,Mar 2014,-,-,-,Pre-Revenue
BAJAJFINSV,Mar 2015,-,-,-,Pre-Revenue
BAJAJFINSV,Mar 2016,-,-,-,Pre-Revenue
BAJAJFINSV,Mar 2017,-,-,-,Pre-Revenue
BAJAJFINSV,Mar 2018,-,-,-,Pre-Revenue
BAJAJFINSV,Mar 2019,-,-,-,Pre-Revenue
BAJAJFINSV,Mar 2020,-,-,-,Pre-Revenue
BAJAJFINSV,Mar 2021,-,-,-,Pre-Revenue
BAJAJFINSV,Mar 2022,-,-,-,Pre-Revenue
BAJAJFINSV,Mar 2023,-,-,-,Pre-Revenue
BAJAJFINSV,Mar 2024,-,-,-,Pre-Revenue
BAJAJHLDNG,Mar 2013,-,-,-,Pre-Revenue
BAJAJHLDNG,Mar 2014,-,-,-,Pre-Revenue
BAJAJHLDNG,Mar 2015,-,-,-,Pre-Revenue
BAJAJHLDNG,Mar 2016,-,-,-,Pre-Revenue
BAJAJHLDNG,Mar 2017,-,-,-,Pre-Revenue
BAJAJHLDNG,Mar 2018,-,-,-,Pre-Revenue
BAJAJHLDNG,Mar 2019,-,-,-,Pre-Revenue
BAJAJHLDNG,Mar 2020,-,-,-,Pre-Revenue
BAJAJHLDNG,Mar 2021,-,-,-,Pre-Revenue
BAJAJHLDNG,Mar 2022,-,-,-,Pre-Revenue
BAJAJHLDNG,Mar 2023,-,-,-,Pre-Revenue
BAJAJHLDNG,Mar 2024,-,-,-,Pre-Revenue
BAJFINANCE,Mar 2015,-,-,-,Pre-Revenue
BAJFINANCE,Mar 2016,-,-,-,Pre-Revenue
BAJFINANCE,Mar 2017,-,-,-,Pre-Revenue
BAJFINANCE,Mar 2018,-,-,-,Pre-Revenue
BAJFINANCE,Mar 2019,-,-,-,Pre-Revenue
BAJFINANCE,Mar 2020,-,-,-,Pre-Revenue
BAJFINANCE,Mar 2021,-,-,-,Pre-Revenue
BAJFINANCE,Mar 2022,-,-,-,Pre-Revenue
BAJFINANCE,Mar 2023,-,-,-,Pre-Revenue
BAJFINANCE,Mar 2024,-,-,-,Pre-Revenue
BANKBARODA,Mar 2013,-,-,-,Pre-Revenue
BANKBARODA,Mar 2014,-,-,-,Pre-Revenue
BANKBARODA,Mar 2015,-,-,-,Pre-Revenue
BANKBARODA,Mar 2016,-,-,-,Pre-Revenue
BANKBARODA,Mar 2017,-,-,-,Pre-Revenue
BANKBARODA,Mar 2018,-,-,-,Pre-Revenue
BANKBARODA,Mar 2019,-,-,-,Pre-Revenue
BANKBARODA,Mar 2020,-,-,-,Pre-Revenue
BANKBARODA,Mar 2021,-,-,-,Pre-Revenue
BANKBARODA,Mar 2022,-,-,-,Pre-Revenue
BANKBARODA,Mar 2023,-,-,-,Pre-Revenue
BANKBARODA,Mar 2024,-,-,-,Pre-Revenue
BEL,Mar 2013,-,-,-,Pre-Revenue
BEL,Mar 2014,-,-,-,Pre-Revenue
BEL,Mar 2015,-,-,-,Pre-Revenue
BEL,Mar 2016,-,-,-,Pre-Revenue
BEL,Mar 2017,-,-,-,Pre-Revenue
BEL,Mar 2018,-,-,-,Pre-Revenue
BEL,Mar 2019,-,-,-,Pre-Revenue
BEL,Mar 2020,-,-,-,Pre-Revenue
BEL,Mar 2021,-,-,-,Pre-Revenue
BEL,Mar 2022,-,-,-,Pre-Revenue
BEL,Mar 2023,-,-,-,Pre-Revenue
BEL,Mar 2024,-,-,-,Pre-Revenue
BHARTIARTL,Mar 2013,-,-,-,Pre-Revenue
BHARTIARTL,Mar 2014,-,-,-,Pre-Revenue
BHARTIARTL,Mar 2015,-,-,-,Pre-Revenue
BHARTIARTL,Mar 2016,-,-,-,Pre-Revenue
BHARTIARTL,Mar 2017,-,-,-,Pre-Revenue
BHARTIARTL,Mar 2018,-,-,-,Pre-Revenue
BHARTIARTL,Mar 2019,-,-,-,Pre-Revenue
BHARTIARTL,Mar 2020,-,-,-,Pre-Revenue
BHARTIARTL,Mar 2021,-,-,-,Pre-Revenue
BHARTIARTL,Mar 2022,-,-,-,Pre-Revenue
BHARTIARTL,Mar 2023,-,-,-,Pre-Revenue
BHARTIARTL,Mar 2024,-,-,-,Pre-Revenue
BHEL,Mar 2013,-,-,-,Pre-Revenue
BHEL,Mar 2014,-,-,-,Pre-Revenue
BHEL,Mar 2015,-,-,-,Pre-Revenue
BHEL,Mar 2016,-,-,-,Pre-Revenue
BHEL,Mar 2017,-,-,-,Pre-Revenue
BHEL,Mar 2018,-,-,-,Pre-Revenue
BHEL,Mar 2019,-,-,-,Pre-Revenue
BHEL,Mar 2020,-,-,-,Pre-Revenue
BHEL,Mar 2021,-,-,-,Pre-Revenue
BHEL,Mar 2022,-,-,-,Pre-Revenue
BHEL,Mar 2023,-,-,-,Pre-Revenue
BHEL,Mar 2024,-,-,-,Pre-Revenue
BOSCHLTD,Dec 2012,-,-,-,Pre-Revenue
BOSCHLTD,Dec 2013,-,-,-,Pre-Revenue
BOSCHLTD,Mar 2015,-,-,-,Pre-Revenue
BOSCHLTD,Mar 2016,-,-,-,Pre-Revenue
BOSCHLTD,Mar 2017,-,-,-,Pre-Revenue
BOSCHLTD,Mar 2018,-,-,-,Pre-Revenue
BOSCHLTD,Mar 2019,-,-,-,Pre-Revenue
BOSCHLTD,Mar 2020,-,-,-,Pre-Revenue
BOSCHLTD,Mar 2021,-,-,-,Pre-Revenue
BOSCHLTD,Mar 2022,-,-,-,Pre-Revenue
BOSCHLTD,Mar 2023,-,-,-,Pre-Revenue
BOSCHLTD,Mar 2024,-,-,-,Pre-Revenue
BPCL,Mar 2013,-,-,-,Pre-Revenue
BPCL,Mar 2014,-,-,-,Pre-Revenue
BPCL,Mar 2015,-,-,-,Pre-Revenue
BPCL,Mar 2016,-,-,-,Pre-Revenue
BPCL,Mar 2017,-,-,-,Pre-Revenue
BPCL,Mar 2018,-,-,-,Pre-Revenue
BPCL,Mar 2019,-,-,-,Pre-Revenue
BPCL,Mar 2020,-,-,-,Pre-Revenue
BPCL,Mar 2021,-,-,-,Pre-Revenue
BPCL,Mar 2022,-,-,-,Pre-Revenue
BPCL,Mar 2023,-,-,-,Pre-Revenue
BPCL,Mar 2024,-,-,-,Pre-Revenue
BRITANNIA,Mar 2013,-,-,-,Pre-Revenue
BRITANNIA,Mar 2014,-,-,-,Pre-Revenue
BRITANNIA,Mar 2015,-,-,-,Pre-Revenue
BRITANNIA,Mar 2016,-,-,-,Pre-Revenue
BRITANNIA,Mar 2017,-,-,-,Pre-Revenue
BRITANNIA,Mar 2018,-,-,-,Pre-Revenue
BRITANNIA,Mar 2019,-,-,-,Pre-Revenue
BRITANNIA,Mar 2020,-,-,-,Pre-Revenue
BRITANNIA,Mar 2021,-,-,-,Pre-Revenue
BRITANNIA,Mar 2022,-,-,-,Pre-Revenue
BRITANNIA,Mar 2023,-,-,-,Pre-Revenue
BRITANNIA,Mar 2024,-,-,-,Pre-Revenue
CANBK,Mar 2013,-,-,-,Pre-Revenue
CANBK,Mar 2014,-,-,-,Pre-Revenue
CANBK,Mar 2015,-,-,-,Pre-Revenue
CANBK,Mar 2016,-,-,-,Pre-Revenue
CANBK,Mar 2017,-,-,-,Pre-Revenue
CANBK,Mar 2018,-,-,-,Pre-Revenue
CANBK,Mar 2019,-,-,-,Pre-Revenue
CANBK,Mar 2020,-,-,-,Pre-Revenue
CANBK,Mar 2021,-,-,-,Pre-Revenue
CANBK,Mar 2022,-,-,-,Pre-Revenue
CANBK,Mar 2023,-,-,-,Pre-Revenue
CANBK,Mar 2024,-,-,-,Pre-Revenue
CHOLAFIN,Mar 2013,-,-,-,Pre-Revenue
CHOLAFIN,Mar 2014,-,-,-,Pre-Revenue
CHOLAFIN,Mar 2015,-,-,-,Pre-Revenue
CHOLAFIN,Mar 2016,-,-,-,Pre-Revenue
CHOLAFIN,Mar 2017,-,-,-,Pre-Revenue
CHOLAFIN,Mar 2018,-,-,-,Pre-Revenue
CHOLAFIN,Mar 2019,-,-,-,Pre-Revenue
CHOLAFIN,Mar 2020,-,-,-,Pre-Revenue
CHOLAFIN,Mar 2021,-,-,-,Pre-Revenue
CHOLAFIN,Mar 2022,-,-,-,Pre-Revenue
CHOLAFIN,Mar 2023,-,-,-,Pre-Revenue
CHOLAFIN,Mar 2024,-,-,-,Pre-Revenue
CIPLA,Mar 2013,-,-,-,Pre-Revenue
CIPLA,Mar 2014,-,-,-,Pre-Revenue
CIPLA,Mar 2015,-,-,-,Pre-Revenue
CIPLA,Mar 2016,-,-,-,Pre-Revenue
CIPLA,Mar 2017,-,-,-,Pre-Revenue
CIPLA,Mar 2018,-,-,-,Pre-Revenue
CIPLA,Mar 2019,-,-,-,Pre-Revenue
CIPLA,Mar 2020,-,-,-,Pre-Revenue
CIPLA,Mar 2021,-,-,-,Pre-Revenue
CIPLA,Mar 2022,-,-,-,Pre-Revenue
CIPLA,Mar 2023,-,-,-,Pre-Revenue
CIPLA,Mar 2024,-,-,-,Pre-Revenue
COALINDIA,Mar 2013,-,-,-,Pre-Revenue
COALINDIA,Mar 2014,-,-,-,Pre-Revenue
COALINDIA,Mar 2015,-,-,-,Pre-Revenue
COALINDIA,Mar 2016,-,-,-,Pre-Revenue
COALINDIA,Mar 2017,-,-,-,Pre-Revenue
COALINDIA,Mar 2018,-,-,-,Pre-Revenue
COALINDIA,Mar 2019,-,-,-,Pre-Revenue
COALINDIA,Mar 2020,-,-,-,Pre-Revenue
COALINDIA,Mar 2021,-,-,-,Pre-Revenue
COALINDIA,Mar 2022,-,-,-,Pre-Revenue
COALINDIA,Mar 2023,-,-,-,Pre-Revenue
COALINDIA,Mar 2024,-,-,-,Pre-Revenue
DABUR,Mar 2013,-,-,-,Pre-Revenue
DABUR,Mar 2014,-,-,-,Pre-Revenue
DABUR,Mar 2015,-,-,-,Pre-Revenue
DABUR,Mar 2016,-,-,-,Pre-Revenue
DABUR,Mar 2017,-,-,-,Pre-Revenue
DABUR,Mar 2018,-,-,-,Pre-Revenue
DABUR,Mar 2019,-,-,-,Pre-Revenue
DABUR,Mar 2020,-,-,-,Pre-Revenue
DABUR,Mar 2021,-,-,-,Pre-Revenue
DABUR,Mar 2022,-,-,-,Pre-Revenue
DABUR,Mar 2023,-,-,-,Pre-Revenue
DABUR,Mar 2024,-,-,-,Pre-Revenue
DIVISLAB,Mar 2013,-,-,-,Pre-Revenue
DIVISLAB,Mar 2014,-,-,-,Pre-Revenue
DIVISLAB,Mar 2015,-,-,-,Pre-Revenue
DIVISLAB,Mar 2016,-,-,-,Pre-Revenue
DIVISLAB,Mar 2017,-,-,-,Pre-Revenue
DIVISLAB,Mar 2018,-,-,-,Pre-Revenue
DIVISLAB,Mar 2019,-,-,-,Pre-Revenue
DIVISLAB,Mar 2020,-,-,-,Pre-Revenue
DIVISLAB,Mar 2021,-,-,-,Pre-Revenue
DIVISLAB,Mar 2022,-,-,-,Pre-Revenue
DIVISLAB,Mar 2023,-,-,-,Pre-Revenue
DIVISLAB,Mar 2024,-,-,-,Pre-Revenue
DLF,Mar 2013,-,-,-,Pre-Revenue
DLF,Mar 2014,-,-,-,Pre-Revenue
DLF,Mar 2015,-,-,-,Pre-Revenue
DLF,Mar 2016,-,-,-,Pre-Revenue
DLF,Mar 2017,-,-,-,Pre-Revenue
DLF,Mar 2018,-,-,-,Pre-Revenue
DLF,Mar 2019,-,-,-,Pre-Revenue
DLF,Mar 2020,-,-,-,Pre-Revenue
DLF,Mar 2021,-,-,-,Pre-Revenue
DLF,Mar 2022,-,-,-,Pre-Revenue
DLF,Mar 2023,-,-,-,Pre-Revenue
DLF,Mar 2024,-,-,-,Pre-Revenue
DMART,Mar 2013,-,-,-,Pre-Revenue
DMART,Mar 2014,-,-,-,Pre-Revenue
DMART,Mar 2015,-,-,-,Pre-Revenue
DMART,Mar 2016,-,-,-,Pre-Revenue
DMART,Mar 2017,-,-,-,Pre-Revenue
DMART,Mar 2018,-,-,-,Pre-Revenue
DMART,Mar 2019,-,-,-,Pre-Revenue
DMART,Mar 2020,-,-,-,Pre-Revenue
DMART,Mar 2021,-,-,-,Pre-Revenue
DMART,Mar 2022,-,-,-,Pre-Revenue
DMART,Mar 2023,-,-,-,Pre-Revenue
DMART,Mar 2024,-,-,-,Pre-Revenue
DRREDDY,Mar 2013,-,-,-,Pre-Revenue
DRREDDY,Mar 2014,-,-,-,Pre-Revenue
DRREDDY,Mar 2015,-,-,-,Pre-Revenue
DRREDDY,Mar 2016,-,-,-,Pre-Revenue
DRREDDY,Mar 2017,-,-,-,Pre-Revenue
DRREDDY,Mar 2018,-,-,-,Pre-Revenue
DRREDDY,Mar 2019,-,-,-,Pre-Revenue
DRREDDY,Mar 2020,-,-,-,Pre-Revenue
DRREDDY,Mar 2021,-,-,-,Pre-Revenue
DRREDDY,Mar 2022,-,-,-,Pre-Revenue
DRREDDY,Mar 2023,-,-,-,Pre-Revenue
DRREDDY,Mar 2024,-,-,-,Pre-Revenue
EICHERMOT,Dec 2012,-,-,-,Pre-Revenue
EICHERMOT,Dec 2013,-,-,-,Pre-Revenue
EICHERMOT,Dec 2014,-,-,-,Pre-Revenue
EICHERMOT,Mar 2016,-,-,-,Pre-Revenue
EICHERMOT,Mar 2017,-,-,-,Pre-Revenue
EICHERMOT,Mar 2018,-,-,-,Pre-Revenue
EICHERMOT,Mar 2019,-,-,-,Pre-Revenue
EICHERMOT,Mar 2020,-,-,-,Pre-Revenue
EICHERMOT,Mar 2021,-,-,-,Pre-Revenue
EICHERMOT,Mar 2022,-,-,-,Pre-Revenue
EICHERMOT,Mar 2023,-,-,-,Pre-Revenue
EICHERMOT,Mar 2024,-,-,-,Pre-Revenue
GAIL,Mar 2013,-,-,-,Pre-Revenue
GAIL,Mar 2014,-,-,-,Pre-Revenue
GAIL,Mar 2015,-,-,-,Pre-Revenue
GAIL,Mar 2016,-,-,-,Pre-Revenue
GAIL,Mar 2017,-,-,-,Pre-Revenue
GAIL,Mar 2018,-,-,-,Pre-Revenue
GAIL,Mar 2019,-,-,-,Pre-Revenue
GAIL,Mar 2020,-,-,-,Pre-Revenue
GAIL,Mar 2021,-,-,-,Pre-Revenue
GAIL,Mar 2022,-,-,-,Pre-Revenue
GAIL,Mar 2023,-,-,-,Pre-Revenue
GAIL,Mar 2024,-,-,-,Pre-Revenue
GODREJCP,Mar 2013,-,-,-,Pre-Revenue
GODREJCP,Mar 2014,-,-,-,Pre-Revenue
GODREJCP,Mar 2015,-,-,-,Pre-Revenue
GODREJCP,Mar 2016,-,-,-,Pre-Revenue
GODREJCP,Mar 2017,-,-,-,Pre-Revenue
GODREJCP,Mar 2018,-,-,-,Pre-Revenue
GODREJCP,Mar 2019,-,-,-,Pre-Revenue
GODREJCP,Mar 2020,-,-,-,Pre-Revenue
GODREJCP,Mar 2021,-,-,-,Pre-Revenue
GODREJCP,Mar 2022,-,-,-,Pre-Revenue
GODREJCP,Mar 2023,-,-,-,Pre-Revenue
GODREJCP,Mar 2024,-,-,-,Pre-Revenue
GRASIM,Mar 2013,-,-,-,Pre-Revenue
GRASIM,Mar 2014,-,-,-,Pre-Revenue
GRASIM,Mar 2015,-,-,-,Pre-Revenue
GRASIM,Mar 2016,-,-,-,Pre-Revenue
GRASIM,Mar 2017,-,-,-,Pre-Revenue
GRASIM,Mar 2018,-,-,-,Pre-Revenue
GRASIM,Mar 2019,-,-,-,Pre-Revenue
GRASIM,Mar 2020,-,-,-,Pre-Revenue
GRASIM,Mar 2021,-,-,-,Pre-Revenue
GRASIM,Mar 2022,-,-,-,Pre-Revenue
GRASIM,Mar 2023,-,-,-,Pre-Revenue
GRASIM,Mar 2024,-,-,-,Pre-Revenue
HAL,Mar 2017,-,-,-,Pre-Revenue
HAL,Mar 2018,-,-,-,Pre-Revenue
HAL,Mar 2019,-,-,-,Pre-Revenue
HAL,Mar 2020,-,-,-,Pre-Revenue
HAL,Mar 2021,-,-,-,Pre-Revenue
HAL,Mar 2022,-,-,-,Pre-Revenue
HAL,Mar 2023,-,-,-,Pre-Revenue
HAL,Mar 2024,-,-,-,Pre-Revenue
HAVELLS,Mar 2013,-,-,-,Pre-Revenue
HAVELLS,Mar 2014,-,-,-,Pre-Revenue
HAVELLS,Mar 2015,-,-,-,Pre-Revenue
HAVELLS,Mar 2016,-,-,-,Pre-Revenue
HAVELLS,Mar 2017,-,-,-,Pre-Revenue
HAVELLS,Mar 2018,-,-,-,Pre-Revenue
HAVELLS,Mar 2019,-,-,-,Pre-Revenue
HAVELLS,Mar 2020,-,-,-,Pre-Revenue
HAVELLS,Mar 2021,-,-,-,Pre-Revenue
HAVELLS,Mar 2022,-,-,-,Pre-Revenue
HAVELLS,Mar 2023,-,-,-,Pre-Revenue
HAVELLS,Mar 2024,-,-,-,Pre-Revenue
HCLTECH,Jun 2013,-,-,-,Pre-Revenue
HCLTECH,Jun 2014,-,-,-,Pre-Revenue
HCLTECH,Jun 2015,-,-,-,Pre-Revenue
HCLTECH,Mar 2016,-,-,-,Pre-Revenue
HCLTECH,Mar 2017,-,-,-,Pre-Revenue
HCLTECH,Mar 2018,-,-,-,Pre-Revenue
HCLTECH,Mar 2019,-,-,-,Pre-Revenue
HCLTECH,Mar 2020,-,-,-,Pre-Revenue
HCLTECH,Mar 2021,-,-,-,Pre-Revenue
HCLTECH,Mar 2022,-,-,-,Pre-Revenue
HCLTECH,Mar 2023,-,-,-,Pre-Revenue
HCLTECH,Mar 2024,-,-,-,Pre-Revenue
HDFCBANK,Mar 2013,-,-,-,Pre-Revenue
HDFCBANK,Mar 2014,-,-,-,Pre-Revenue
HDFCBANK,Mar 2015,-,-,-,Pre-Revenue
HDFCBANK,Mar 2016,-,-,-,Pre-Revenue
HDFCBANK,Mar 2017,-,-,-,Pre-Revenue
HDFCBANK,Mar 2018,-,-,-,Pre-Revenue
HDFCBANK,Mar 2019,-,-,-,Pre-Revenue
HDFCBANK,Mar 2020,-,-,-,Pre-Revenue
HDFCBANK,Mar 2021,-,-,-,Pre-Revenue
HDFCBANK,Mar 2022,-,-,-,Pre-Revenue
HDFCBANK,Mar 2023,-,-,-,Pre-Revenue
HDFCBANK,Mar 2024,-,-,-,Pre-Revenue
HDFCLIFE,Mar 2013,-,-,-,Pre-Revenue
HDFCLIFE,Mar 2014,-,-,-,Pre-Revenue
HDFCLIFE,Mar 2015,-,-,-,Pre-Revenue
HDFCLIFE,Mar 2016,-,-,-,Pre-Revenue
HDFCLIFE,Mar 2017,-,-,-,Pre-Revenue
HDFCLIFE,Mar 2018,-,-,-,Pre-Revenue
HDFCLIFE,Mar 2019,-,-,-,Pre-Revenue
HDFCLIFE,Mar 2020,-,-,-,Pre-Revenue
HDFCLIFE,Mar 2021,-,-,-,Pre-Revenue
HDFCLIFE,Mar 2022,-,-,-,Pre-Revenue
HDFCLIFE,Mar 2023,-,-,-,Pre-Revenue
HDFCLIFE,Mar 2024,-,-,-,Pre-Revenue
HEROMOTOCO,Mar 2014,-,-,-,Pre-Revenue
HEROMOTOCO,Mar 2015,-,-,-,Pre-Revenue
HEROMOTOCO,Mar 2016,-,-,-,Pre-Revenue
HEROMOTOCO,Mar 2017,-,-,-,Pre-Revenue
HEROMOTOCO,Mar 2018,-,-,-,Pre-Revenue
HEROMOTOCO,Mar 2019,-,-,-,Pre-Revenue
HEROMOTOCO,Mar 2020,-,-,-,Pre-Revenue
HEROMOTOCO,Mar 2021,-,-,-,Pre-Revenue
HEROMOTOCO,Mar 2022,-,-,-,Pre-Revenue
HEROMOTOCO,Mar 2023,-,-,-,Pre-Revenue
HEROMOTOCO,Mar 2024,-,-,-,Pre-Revenue
HINDALCO,Mar 2013,-,-,-,Pre-Revenue
HINDALCO,Mar 2014,-,-,-,Pre-Revenue
HINDALCO,Mar 2015,-,-,-,Pre-Revenue
HINDALCO,Mar 2016,-,-,-,Pre-Revenue
HINDALCO,Mar 2017,-,-,-,Pre-Revenue
HINDALCO,Mar 2018,-,-,-,Pre-Revenue
HINDALCO,Mar 2019,-,-,-,Pre-Revenue
HINDALCO,Mar 2020,-,-,-,Pre-Revenue
HINDALCO,Mar 2021,-,-,-,Pre-Revenue
HINDALCO,Mar 2022,-,-,-,Pre-Revenue
HINDALCO,Mar 2023,-,-,-,Pre-Revenue
HINDALCO,Mar 2024,-,-,-,Pre-Revenue
HINDUNILVR,Mar 2013,-,-,-,Pre-Revenue
HINDUNILVR,Mar 2014,-,-,-,Pre-Revenue
HINDUNILVR,Mar 2015,-,-,-,Pre-Revenue
HINDUNILVR,Mar 2016,-,-,-,Pre-Revenue
HINDUNILVR,Mar 2017,-,-,-,Pre-Revenue
HINDUNILVR,Mar 2018,-,-,-,Pre-Revenue
HINDUNILVR,Mar 2019,-,-,-,Pre-Revenue
HINDUNILVR,Mar 2020,-,-,-,Pre-Revenue
HINDUNILVR,Mar 2021,-,-,-,Pre-Revenue
HINDUNILVR,Mar 2022,-,-,-,Pre-Revenue
HINDUNILVR,Mar 2023,-,-,-,Pre-Revenue
HINDUNILVR,Mar 2024,-,-,-,Pre-Revenue
ICICIBANK,Mar 2013,-,-,-,Pre-Revenue
ICICIBANK,Mar 2014,-,-,-,Pre-Revenue
ICICIBANK,Mar 2015,-,-,-,Pre-Revenue
ICICIBANK,Mar 2016,-,-,-,Pre-Revenue
ICICIBANK,Mar 2017,-,-,-,Pre-Revenue
ICICIBANK,Mar 2018,-,-,-,Pre-Revenue
ICICIBANK,Mar 2019,-,-,-,Pre-Revenue
ICICIBANK,Mar 2020,-,-,-,Pre-Revenue
ICICIBANK,Mar 2021,-,-,-,Pre-Revenue
ICICIBANK,Mar 2022,-,-,-,Pre-Revenue
ICICIBANK,Mar 2023,-,-,-,Pre-Revenue
ICICIBANK,Mar 2024,-,-,-,Pre-Revenue
ICICIGI,Mar 2013,-,-,-,Pre-Revenue
ICICIGI,Mar 2014,-,-,-,Pre-Revenue
ICICIGI,Mar 2015,-,-,-,Pre-Revenue
ICICIGI,Mar 2016,-,-,-,Pre-Revenue
ICICIGI,Mar 2017,-,-,-,Pre-Revenue
ICICIGI,Mar 2018,-,-,-,Pre-Revenue
ICICIGI,Mar 2019,-,-,-,Pre-Revenue
ICICIGI,Mar 2020,-,-,-,Pre-Revenue
ICICIGI,Mar 2021,-,-,-,Pre-Revenue
ICICIGI,Mar 2022,-,-,-,Pre-Revenue
ICICIGI,Mar 2023,-,-,-,Pre-Revenue
ICICIGI,Mar 2024,-,-,-,Pre-Revenue
ICICIPRULI,Mar 2013,-,-,-,Pre-Revenue
ICICIPRULI,Mar 2014,-,-,-,Pre-Revenue
ICICIPRULI,Mar 2015,-,-,-,Pre-Revenue
ICICIPRULI,Mar 2016,-,-,-,Pre-Revenue
ICICIPRULI,Mar 2017,-,-,-,Pre-Revenue
ICICIPRULI,Mar 2018,-,-,-,Pre-Revenue
ICICIPRULI,Mar 2019,-,-,-,Pre-Revenue
ICICIPRULI,Mar 2020,-,-,-,Pre-Revenue
ICICIPRULI,Mar 2021,-,-,-,Pre-Revenue
ICICIPRULI,Mar 2022,-,-,-,Pre-Revenue
ICICIPRULI,Mar 2023,-,-,-,Pre-Revenue
ICICIPRULI,Mar 2024,-,-,-,Pre-Revenue
INDIGO,Mar 2013,-,-,-,Pre-Revenue
INDIGO,Mar 2014,-,-,-,Pre-Revenue
INDIGO,Mar 2015,-,-,-,Pre-Revenue
INDIGO,Mar 2016,-,-,-,Pre-Revenue
INDIGO,Mar 2017,-,-,-,Pre-Revenue
INDIGO,Mar 2018,-,-,-,Pre-Revenue
INDIGO,Mar 2019,-,-,-,Pre-Revenue
INDIGO,Mar 2020,-,-,-,Pre-Revenue
INDIGO,Mar 2021,-,-,-,Pre-Revenue
INDIGO,Mar 2022,-,-,-,Pre-Revenue
INDIGO,Mar 2023,-,-,-,Pre-Revenue
INDIGO,Mar 2024,-,-,-,Pre-Revenue
INDUSINDBK,Mar 2013,-,-,-,Pre-Revenue
INDUSINDBK,Mar 2014,-,-,-,Pre-Revenue
INDUSINDBK,Mar 2015,-,-,-,Pre-Revenue
INDUSINDBK,Mar 2016,-,-,-,Pre-Revenue
INDUSINDBK,Mar 2017,-,-,-,Pre-Revenue
INDUSINDBK,Mar 2018,-,-,-,Pre-Revenue
INDUSINDBK,Mar 2019,-,-,-,Pre-Revenue
INDUSINDBK,Mar 2020,-,-,-,Pre-Revenue
INDUSINDBK,Mar 2021,-,-,-,Pre-Revenue
INDUSINDBK,Mar 2022,-,-,-,Pre-Revenue
INDUSINDBK,Mar 2023,-,-,-,Pre-Revenue
INDUSINDBK,Mar 2024,-,-,-,Pre-Revenue
INFY,Mar 2013,-,-,-,Pre-Revenue
INFY,Mar 2014,-,-,-,Pre-Revenue
INFY,Mar 2015,-,-,-,Pre-Revenue
INFY,Mar 2016,-,-,-,Pre-Revenue
INFY,Mar 2017,-,-,-,Pre-Revenue
INFY,Mar 2018,-,-,-,Pre-Revenue
INFY,Mar 2019,-,-,-,Pre-Revenue
INFY,Mar 2020,-,-,-,Pre-Revenue
INFY,Mar 2021,-,-,-,Pre-Revenue
INFY,Mar 2022,-,-,-,Pre-Revenue
INFY,Mar 2023,-,-,-,Pre-Revenue
INFY,Mar 2024,-,-,-,Pre-Revenue
IOC,Mar 2013,-,-,-,Pre-Revenue
IOC,Mar 2014,-,-,-,Pre-Revenue
IOC,Mar 2015,-,-,-,Pre-Revenue
IOC,Mar 2016,-,-,-,Pre-Revenue
IOC,Mar 2017,-,-,-,Pre-Revenue
IOC,Mar 2018,-,-,-,Pre-Revenue
IOC,Mar 2019,-,-,-,Pre-Revenue
IOC,Mar 2020,-,-,-,Pre-Revenue
IOC,Mar 2021,-,-,-,Pre-Revenue
IOC,Mar 2022,-,-,-,Pre-Revenue
IOC,Mar 2023,-,-,-,Pre-Revenue
IOC,Mar 2024,-,-,-,Pre-Revenue
IRCTC,Mar 2015,-,-,-,Pre-Revenue
IRCTC,Mar 2016,-,-,-,Pre-Revenue
IRCTC,Mar 2017,-,-,-,Pre-Revenue
IRCTC,Mar 2018,-,-,-,Pre-Revenue
IRCTC,Mar 2019,-,-,-,Pre-Revenue
IRCTC,Mar 2020,-,-,-,Pre-Revenue
IRCTC,Mar 2021,-,-,-,Pre-Revenue
IRCTC,Mar 2022,-,-,-,Pre-Revenue
IRCTC,Mar 2023,-,-,-,Pre-Revenue
IRCTC,Mar 2024,-,-,-,Pre-Revenue
IRFC,Mar 2016,-,-,-,Pre-Revenue
IRFC,Mar 2017,-,-,-,Pre-Revenue
IRFC,Mar 2018,-,-,-,Pre-Revenue
IRFC,Mar 2019,-,-,-,Pre-Revenue
IRFC,Mar 2020,-,-,-,Pre-Revenue
IRFC,Mar 2021,-,-,-,Pre-Revenue
IRFC,Mar 2022,-,-,-,Pre-Revenue
IRFC,Mar 2023,-,-,-,Pre-Revenue
IRFC,Mar 2024,-,-,-,Pre-Revenue
ITC,Mar 2013,-,-,-,Pre-Revenue
ITC,Mar 2014,-,-,-,Pre-Revenue
ITC,Mar 2015,-,-,-,Pre-Revenue
ITC,Mar 2016,-,-,-,Pre-Revenue
ITC,Mar 2017,-,-,-,Pre-Revenue
ITC,Mar 2018,-,-,-,Pre-Revenue
ITC,Mar 2019,-,-,-,Pre-Revenue
ITC,Mar 2020,-,-,-,Pre-Revenue
ITC,Mar 2021,-,-,-,Pre-Revenue
ITC,Mar 2022,-,-,-,Pre-Revenue
ITC,Mar 2023,-,-,-,Pre-Revenue
ITC,Mar 2024,-,-,-,Pre-Revenue
JINDALSTEL,Mar 2013,-,-,-,Pre-Revenue
JINDALSTEL,Mar 2014,-,-,-,Pre-Revenue
JINDALSTEL,Mar 2015,-,-,-,Pre-Revenue
JINDALSTEL,Mar 2016,-,-,-,Pre-Revenue
JINDALSTEL,Mar 2017,-,-,-,Pre-Revenue
JINDALSTEL,Mar 2018,-,-,-,Pre-Revenue
JINDALSTEL,Mar 2019,-,-,-,Pre-Revenue
JINDALSTEL,Mar 2020,-,-,-,Pre-Revenue
JINDALSTEL,Mar 2021,-,-,-,Pre-Revenue
JINDALSTEL,Mar 2022,-,-,-,Pre-Revenue
JINDALSTEL,Mar 2023,-,-,-,Pre-Revenue
JINDALSTEL,Mar 2024,-,-,-,Pre-Revenue
JIOFIN,Mar 2023,-,-,-,Pre-Revenue
JIOFIN,Mar 2024,-,-,-,Pre-Revenue
JSWENERGY,Mar 2013,-,-,-,Pre-Revenue
JSWENERGY,Mar 2014,-,-,-,Pre-Revenue
JSWENERGY,Mar 2015,-,-,-,Pre-Revenue
JSWENERGY,Mar 2016,-,-,-,Pre-Revenue
JSWENERGY,Mar 2017,-,-,-,Pre-Revenue
JSWENERGY,Mar 2018,-,-,-,Pre-Revenue
JSWENERGY,Mar 2019,-,-,-,Pre-Revenue
JSWENERGY,Mar 2020,-,-,-,Pre-Revenue
JSWENERGY,Mar 2021,-,-,-,Pre-Revenue
JSWENERGY,Mar 2022,-,-,-,Pre-Revenue
JSWENERGY,Mar 2023,-,-,-,Pre-Revenue
JSWENERGY,Mar 2024,-,-,-,Pre-Revenue
JSWSTEEL,Mar 2013,-,-,-,Pre-Revenue
JSWSTEEL,Mar 2014,-,-,-,Pre-Revenue
JSWSTEEL,Mar 2015,-,-,-,Pre-Revenue
JSWSTEEL,Mar 2016,-,-,-,Pre-Revenue
JSWSTEEL,Mar 2017,-,-,-,Pre-Revenue
JSWSTEEL,Mar 2018,-,-,-,Pre-Revenue
JSWSTEEL,Mar 2019,-,-,-,Pre-Revenue
JSWSTEEL,Mar 2020,-,-,-,Pre-Revenue
JSWSTEEL,Mar 2021,-,-,-,Pre-Revenue
JSWSTEEL,Mar 2022,-,-,-,Pre-Revenue
JSWSTEEL,Mar 2023,-,-,-,Pre-Revenue
JSWSTEEL,Mar 2024,-,-,-,Pre-Revenue
KOTAKBANK,Mar 2013,-,-,-,Pre-Revenue
KOTAKBANK,Mar 2014,-,-,-,Pre-Revenue
KOTAKBANK,Mar 2015,-,-,-,Pre-Revenue
KOTAKBANK,Mar 2016,-,-,-,Pre-Revenue
KOTAKBANK,Mar 2017,-,-,-,Pre-Revenue
KOTAKBANK,Mar 2018,-,-,-,Pre-Revenue
KOTAKBANK,Mar 2019,-,-,-,Pre-Revenue
KOTAKBANK,Mar 2020,-,-,-,Pre-Revenue
KOTAKBANK,Mar 2021,-,-,-,Pre-Revenue
KOTAKBANK,Mar 2022,-,-,-,Pre-Revenue
KOTAKBANK,Mar 2023,-,-,-,Pre-Revenue
KOTAKBANK,Mar 2024,-,-,-,Pre-Revenue
LICI,Mar 2019,-,-,-,Pre-Revenue
LICI,Mar 2020,-,-,-,Pre-Revenue
LICI,Mar 2021,-,-,-,Pre-Revenue
LICI,Mar 2022,-,-,-,Pre-Revenue
LICI,Mar 2023,-,-,-,Pre-Revenue
LICI,Mar 2024,-,-,-,Pre-Revenue
LODHA,Mar 2016,-,-,-,Pre-Revenue
LODHA,Mar 2017,-,-,-,Pre-Revenue
LODHA,Mar 2018,-,-,-,Pre-Revenue
LODHA,Mar 2019,-,-,-,Pre-Revenue
LODHA,Mar 2020,-,-,-,Pre-Revenue
LODHA,Mar 2021,-,-,-,Pre-Revenue
LODHA,Mar 2022,-,-,-,Pre-Revenue
LODHA,Mar 2023,-,-,-,Pre-Revenue
LODHA,Mar 2024,-,-,-,Pre-Revenue
LT,Mar 2013,-,-,-,Pre-Revenue
LT,Mar 2014,-,-,-,Pre-Revenue
LT,Mar 2015,-,-,-,Pre-Revenue
LT,Mar 2016,-,-,-,Pre-Revenue
LT,Mar 2017,-,-,-,Pre-Revenue
LT,Mar 2018,-,-,-,Pre-Revenue
LT,Mar 2019,-,-,-,Pre-Revenue
LT,Mar 2020,-,-,-,Pre-Revenue
LT,Mar 2021,-,-,-,Pre-Revenue
LT,Mar 2022,-,-,-,Pre-Revenue
LT,Mar 2023,-,-,-,Pre-Revenue
LT,Mar 2024,-,-,-,Pre-Revenue
LTIM,Mar 2013,-,-,-,Pre-Revenue
LTIM,Mar 2014,-,-,-,Pre-Revenue
LTIM,Mar 2015,-,-,-,Pre-Revenue
LTIM,Mar 2016,-,-,-,Pre-Revenue
LTIM,Mar 2017,-,-,-,Pre-Revenue
LTIM,Mar 2018,-,-,-,Pre-Revenue
LTIM,Mar 2019,-,-,-,Pre-Revenue
LTIM,Mar 2020,-,-,-,Pre-Revenue
LTIM,Mar 2021,-,-,-,Pre-Revenue
LTIM,Mar 2022,-,-,-,Pre-Revenue
LTIM,Mar 2023,-,-,-,Pre-Revenue
LTIM,Mar 2024,-,-,-,Pre-Revenue
M&M,Mar 2013,-,-,-,Pre-Revenue
M&M,Mar 2014,-,-,-,Pre-Revenue
M&M,Mar 2015,-,-,-,Pre-Revenue
M&M,Mar 2016,-,-,-,Pre-Revenue
M&M,Mar 2017,-,-,-,Pre-Revenue
M&M,Mar 2018,-,-,-,Pre-Revenue
M&M,Mar 2019,-,-,-,Pre-Revenue
M&M,Mar 2020,-,-,-,Pre-Revenue
M&M,Mar 2021,-,-,-,Pre-Revenue
M&M,Mar 2022,-,-,-,Pre-Revenue
M&M,Mar 2023,-,-,-,Pre-Revenue
M&M,Mar 2024,-,-,-,Pre-Revenue
MARUTI,Mar 2013,-,-,-,Pre-Revenue
MARUTI,Mar 2014,-,-,-,Pre-Revenue
MARUTI,Mar 2015,-,-,-,Pre-Revenue
MARUTI,Mar 2016,-,-,-,Pre-Revenue
MARUTI,Mar 2017,-,-,-,Pre-Revenue
MARUTI,Mar 2018,-,-,-,Pre-Revenue
MARUTI,Mar 2019,-,-,-,Pre-Revenue
MARUTI,Mar 2020,-,-,-,Pre-Revenue
MARUTI,Mar 2021,-,-,-,Pre-Revenue
MARUTI,Mar 2022,-,-,-,Pre-Revenue
MARUTI,Mar 2023,-,-,-,Pre-Revenue
MARUTI,Mar 2024,-,-,-,Pre-Revenue
MOTHERSON,Mar 2013,-,-,-,Pre-Revenue
MOTHERSON,Mar 2014,-,-,-,Pre-Revenue
MOTHERSON,Mar 2015,-,-,-,Pre-Revenue
MOTHERSON,Mar 2016,-,-,-,Pre-Revenue
MOTHERSON,Mar 2017,-,-,-,Pre-Revenue
MOTHERSON,Mar 2018,-,-,-,Pre-Revenue
MOTHERSON,Mar 2019,-,-,-,Pre-Revenue
MOTHERSON,Mar 2020,-,-,-,Pre-Revenue
MOTHERSON,Mar 2021,-,-,-,Pre-Revenue
MOTHERSON,Mar 2022,-,-,-,Pre-Revenue
MOTHERSON,Mar 2023,-,-,-,Pre-Revenue
MOTHERSON,Mar 2024,-,-,-,Pre-Revenue
NAUKRI,Mar 2013,-,-,-,Pre-Revenue
NAUKRI,Mar 2014,-,-,-,Pre-Revenue
NAUKRI,Mar 2015,-,-,-,Pre-Revenue
NAUKRI,Mar 2016,-,-,-,Pre-Revenue
NAUKRI,Mar 2017,-,-,-,Pre-Revenue
NAUKRI,Mar 2018,-,-,-,Pre-Revenue
NAUKRI,Mar 2019,-,-,-,Pre-Revenue
NAUKRI,Mar 2020,-,-,-,Pre-Revenue
NAUKRI,Mar 2021,-,-,-,Pre-Revenue
NAUKRI,Mar 2022,-,-,-,Pre-Revenue
NAUKRI,Mar 2023,-,-,-,Pre-Revenue
NAUKRI,Mar 2024,-,-,-,Pre-Revenue
NESTLEIND,Dec 2013,-,-,-,Pre-Revenue
NESTLEIND,Dec 2014,-,-,-,Pre-Revenue
NESTLEIND,Dec 2015,-,-,-,Pre-Revenue
NESTLEIND,Dec 2016,-,-,-,Pre-Revenue
NESTLEIND,Dec 2017,-,-,-,Pre-Revenue
NESTLEIND,Dec 2018,-,-,-,Pre-Revenue
NESTLEIND,Dec 2019,-,-,-,Pre-Revenue
NESTLEIND,Dec 2020,-,-,-,Pre-Revenue
NESTLEIND,Dec 2021,-,-,-,Pre-Revenue
NESTLEIND,Dec 2022,-,-,-,Pre-Revenue
NESTLEIND,Dec 2023,-,-,-,Pre-Revenue
NESTLEIND,Mar 2024,-,-,-,Pre-Revenue
NHPC,Mar 2013,-,-,-,Pre-Revenue
NHPC,Mar 2014,-,-,-,Pre-Revenue
NHPC,Mar 2015,-,-,-,Pre-Revenue
NHPC,Mar 2016,-,-,-,Pre-Revenue
NHPC,Mar 2017,-,-,-,Pre-Revenue
NHPC,Mar 2018,-,-,-,Pre-Revenue
NHPC,Mar 2019,-,-,-,Pre-Revenue
NHPC,Mar 2020,-,-,-,Pre-Revenue
NHPC,Mar 2021,-,-,-,Pre-Revenue
NHPC,Mar 2022,-,-,-,Pre-Revenue
NHPC,Mar 2023,-,-,-,Pre-Revenue
NHPC,Mar 2024,-,-,-,Pre-Revenue
NTPC,Mar 2013,-,-,-,Pre-Revenue
NTPC,Mar 2014,-,-,-,Pre-Revenue
NTPC,Mar 2015,-,-,-,Pre-Revenue
NTPC,Mar 2016,-,-,-,Pre-Revenue
NTPC,Mar 2017,-,-,-,Pre-Revenue
NTPC,Mar 2018,-,-,-,Pre-Revenue
NTPC,Mar 2019,-,-,-,Pre-Revenue
NTPC,Mar 2020,-,-,-,Pre-Revenue
NTPC,Mar 2021,-,-,-,Pre-Revenue
NTPC,Mar 2022,-,-,-,Pre-Revenue
NTPC,Mar 2023,-,-,-,Pre-Revenue
NTPC,Mar 2024,-,-,-,Pre-Revenue
ONGC,Mar 2013,-,-,-,Pre-Revenue
ONGC,Mar 2014,-,-,-,Pre-Revenue
ONGC,Mar 2015,-,-,-,Pre-Revenue
ONGC,Mar 2016,-,-,-,Pre-Revenue
ONGC,Mar 2017,-,-,-,Pre-Revenue
ONGC,Mar 2018,-,-,-,Pre-Revenue
ONGC,Mar 2019,-,-,-,Pre-Revenue
ONGC,Mar 2020,-,-,-,Pre-Revenue
ONGC,Mar 2021,-,-,-,Pre-Revenue
ONGC,Mar 2022,-,-,-,Pre-Revenue
ONGC,Mar 2023,-,-,-,Pre-Revenue
ONGC,Mar 2024,-,-,-,Pre-Revenue
PFC,Mar 2013,-,-,-,Pre-Revenue
PFC,Mar 2014,-,-,-,Pre-Revenue
PFC,Mar 2015,-,-,-,Pre-Revenue
PFC,Mar 2016,-,-,-,Pre-Revenue
PFC,Mar 2017,-,-,-,Pre-Revenue
PFC,Mar 2018,-,-,-,Pre-Revenue
PFC,Mar 2019,-,-,-,Pre-Revenue
PFC,Mar 2020,-,-,-,Pre-Revenue
PFC,Mar 2021,-,-,-,Pre-Revenue
PFC,Mar 2022,-,-,-,Pre-Revenue
PFC,Mar 2023,-,-,-,Pre-Revenue
PFC,Mar 2024,-,-,-,Pre-Revenue
PIDILITIND,Mar 2013,-,-,-,Pre-Revenue
PIDILITIND,Mar 2014,-,-,-,Pre-Revenue
PIDILITIND,Mar 2015,-,-,-,Pre-Revenue
PIDILITIND,Mar 2016,-,-,-,Pre-Revenue
PIDILITIND,Mar 2017,-,-,-,Pre-Revenue
PIDILITIND,Mar 2018,-,-,-,Pre-Revenue
PIDILITIND,Mar 2019,-,-,-,Pre-Revenue
PIDILITIND,Mar 2020,-,-,-,Pre-Revenue
PIDILITIND,Mar 2021,-,-,-,Pre-Revenue
PIDILITIND,Mar 2022,-,-,-,Pre-Revenue
PIDILITIND,Mar 2023,-,-,-,Pre-Revenue
PIDILITIND,Mar 2024,-,-,-,Pre-Revenue
PNB,Mar 2013,-,-,-,Pre-Revenue
PNB,Mar 2014,-,-,-,Pre-Revenue
PNB,Mar 2015,-,-,-,Pre-Revenue
PNB,Mar 2016,-,-,-,Pre-Revenue
PNB,Mar 2017,-,-,-,Pre-Revenue
PNB,Mar 2018,-,-,-,Pre-Revenue
PNB,Mar 2019,-,-,-,Pre-Revenue
PNB,Mar 2020,-,-,-,Pre-Revenue
PNB,Mar 2021,-,-,-,Pre-Revenue
PNB,Mar 2022,-,-,-,Pre-Revenue
PNB,Mar 2023,-,-,-,Pre-Revenue
PNB,Mar 2024,-,-,-,Pre-Revenue
POWERGRID,Mar 2013,-,-,-,Pre-Revenue
POWERGRID,Mar 2014,-,-,-,Pre-Revenue
POWERGRID,Mar 2015,-,-,-,Pre-Revenue
POWERGRID,Mar 2016,-,-,-,Pre-Revenue
POWERGRID,Mar 2017,-,-,-,Pre-Revenue
POWERGRID,Mar 2018,-,-,-,Pre-Revenue
POWERGRID,Mar 2019,-,-,-,Pre-Revenue
POWERGRID,Mar 2020,-,-,-,Pre-Revenue
POWERGRID,Mar 2021,-,-,-,Pre-Revenue
POWERGRID,Mar 2022,-,-,-,Pre-Revenue
POWERGRID,Mar 2023,-,-,-,Pre-Revenue
POWERGRID,Mar 2024,-,-,-,Pre-Revenue
RECLTD,Mar 2013,-,-,-,Pre-Revenue
RECLTD,Mar 2014,-,-,-,Pre-Revenue
RECLTD,Mar 2015,-,-,-,Pre-Revenue
RECLTD,Mar 2016,-,-,-,Pre-Revenue
RECLTD,Mar 2017,-,-,-,Pre-Revenue
RECLTD,Mar 2018,-,-,-,Pre-Revenue
RECLTD,Mar 2019,-,-,-,Pre-Revenue
RECLTD,Mar 2020,-,-,-,Pre-Revenue
RECLTD,Mar 2021,-,-,-,Pre-Revenue
RECLTD,Mar 2022,-,-,-,Pre-Revenue
RECLTD,Mar 2023,-,-,-,Pre-Revenue
RECLTD,Mar 2024,-,-,-,Pre-Revenue
RELIANCE,Mar 2013,-,-,-,Pre-Revenue
RELIANCE,Mar 2014,-,-,-,Pre-Revenue
RELIANCE,Mar 2015,-,-,-,Pre-Revenue
RELIANCE,Mar 2016,-,-,-,Pre-Revenue
RELIANCE,Mar 2017,-,-,-,Pre-Revenue
RELIANCE,Mar 2018,-,-,-,Pre-Revenue
RELIANCE,Mar 2019,-,-,-,Pre-Revenue
RELIANCE,Mar 2020,-,-,-,Pre-Revenue
RELIANCE,Mar 2021,-,-,-,Pre-Revenue
RELIANCE,Mar 2022,-,-,-,Pre-Revenue
RELIANCE,Mar 2023,-,-,-,Pre-Revenue
RELIANCE,Mar 2024,-,-,-,Pre-Revenue
SBILIFE,Mar 2013,-,-,-,Pre-Revenue
SBILIFE,Mar 2014,-,-,-,Pre-Revenue
SBILIFE,Mar 2015,-,-,-,Pre-Revenue
SBILIFE,Mar 2016,-,-,-,Pre-Revenue
SBILIFE,Mar 2017,-,-,-,Pre-Revenue
SBILIFE,Mar 2018,-,-,-,Pre-Revenue
SBILIFE,Mar 2019,-,-,-,Pre-Revenue
SBILIFE,Mar 2020,-,-,-,Pre-Revenue
SBILIFE,Mar 2021,-,-,-,Pre-Revenue
SBILIFE,Mar 2022,-,-,-,Pre-Revenue
SBILIFE,Mar 2023,-,-,-,Pre-Revenue
SBILIFE,Mar 2024,-,-,-,Pre-Revenue
SBIN,Mar 2013,-,-,-,Pre-Revenue
SBIN,Mar 2014,-,-,-,Pre-Revenue
SBIN,Mar 2015,-,-,-,Pre-Revenue
SBIN,Mar 2016,-,-,-,Pre-Revenue
SBIN,Mar 2017,-,-,-,Pre-Revenue
SBIN,Mar 2018,-,-,-,Pre-Revenue
SBIN,Mar 2019,-,-,-,Pre-Revenue
SBIN,Mar 2020,-,-,-,Pre-Revenue
SBIN,Mar 2021,-,-,-,Pre-Revenue
SBIN,Mar 2022,-,-,-,Pre-Revenue
SBIN,Mar 2023,-,-,-,Pre-Revenue
SBIN,Mar 2024,-,-,-,Pre-Revenue
SHREECEM,Jun 2013,-,-,-,Pre-Revenue
SHREECEM,Jun 2014,-,-,-,Pre-Revenue
SHREECEM,Jun 2015,-,-,-,Pre-Revenue
SHREECEM,Mar 2016,-,-,-,Pre-Revenue
SHREECEM,Mar 2017,-,-,-,Pre-Revenue
SHREECEM,Mar 2018,-,-,-,Pre-Revenue
SHREECEM,Mar 2019,-,-,-,Pre-Revenue
SHREECEM,Mar 2020,-,-,-,Pre-Revenue
SHREECEM,Mar 2021,-,-,-,Pre-Revenue
SHREECEM,Mar 2022,-,-,-,Pre-Revenue
SHREECEM,Mar 2023,-,-,-,Pre-Revenue
SHREECEM,Mar 2024,-,-,-,Pre-Revenue
SHRIRAMFIN,Mar 2013,-,-,-,Pre-Revenue
SHRIRAMFIN,Mar 2014,-,-,-,Pre-Revenue
SHRIRAMFIN,Mar 2015,-,-,-,Pre-Revenue
SHRIRAMFIN,Mar 2016,-,-,-,Pre-Revenue
SHRIRAMFIN,Mar 2017,-,-,-,Pre-Revenue
SHRIRAMFIN,Mar 2018,-,-,-,Pre-Revenue
SHRIRAMFIN,Mar 2019,-,-,-,Pre-Revenue
SHRIRAMFIN,Mar 2020,-,-,-,Pre-Revenue
SHRIRAMFIN,Mar 2021,-,-,-,Pre-Revenue
SHRIRAMFIN,Mar 2022,-,-,-,Pre-Revenue
SHRIRAMFIN,Mar 2023,-,-,-,Pre-Revenue
SHRIRAMFIN,Mar 2024,-,-,-,Pre-Revenue
SIEMENS,Sep 2011,-,-,-,Pre-Revenue
SIEMENS,Sep 2014,-,-,-,Pre-Revenue
SIEMENS,Sep 2015,-,-,-,Pre-Revenue
SIEMENS,Sep 2016,-,-,-,Pre-Revenue
SIEMENS,Sep 2017,-,-,-,Pre-Revenue
SIEMENS,Sep 2018,-,-,-,Pre-Revenue
SIEMENS,Sep 2019,-,-,-,Pre-Revenue
SIEMENS,Sep 2020,-,-,-,Pre-Revenue
SIEMENS,Sep 2021,-,-,-,Pre-Revenue
SIEMENS,Sep 2022,-,-,-,Pre-Revenue
SIEMENS,Sep 2023,-,-,-,Pre-Revenue
SIEMENS,Sep 2024,-,-,-,Pre-Revenue
SUNPHARMA,Mar 2013,-,-,-,Pre-Revenue
SUNPHARMA,Mar 2014,-,-,-,Pre-Revenue
SUNPHARMA,Mar 2015,-,-,-,Pre-Revenue
SUNPHARMA,Mar 2016,-,-,-,Pre-Revenue
SUNPHARMA,Mar 2017,-,-,-,Pre-Revenue
SUNPHARMA,Mar 2018,-,-,-,Pre-Revenue
SUNPHARMA,Mar 2019,-,-,-,Pre-Revenue
SUNPHARMA,Mar 2020,-,-,-,Pre-Revenue
SUNPHARMA,Mar 2021,-,-,-,Pre-Revenue
SUNPHARMA,Mar 2022,-,-,-,Pre-Revenue
SUNPHARMA,Mar 2023,-,-,-,Pre-Revenue
SUNPHARMA,Mar 2024,-,-,-,Pre-Revenue
TATACONSUM,Mar 2013,-,-,-,Pre-Revenue
TATACONSUM,Mar 2014,-,-,-,Pre-Revenue
TATACONSUM,Mar 2015,-,-,-,Pre-Revenue
TATACONSUM,Mar 2016,-,-,-,Pre-Revenue
TATACONSUM,Mar 2017,-,-,-,Pre-Revenue
TATACONSUM,Mar 2018,-,-,-,Pre-Revenue
TATACONSUM,Mar 2019,-,-,-,Pre-Revenue
TATACONSUM,Mar 2020,-,-,-,Pre-Revenue
TATACONSUM,Mar 2021,-,-,-,Pre-Revenue
TATACONSUM,Mar 2022,-,-,-,Pre-Revenue
TATACONSUM,Mar 2023,-,-,-,Pre-Revenue
TATACONSUM,Mar 2024,-,-,-,Pre-Revenue
TATAMOTORS,Mar 2013,-,-,-,Pre-Revenue
TATAMOTORS,Mar 2014,-,-,-,Pre-Revenue
TATAMOTORS,Mar 2015,-,-,-,Pre-Revenue
TATAMOTORS,Mar 2016,-,-,-,Pre-Revenue
TATAMOTORS,Mar 2017,-,-,-,Pre-Revenue
TATAMOTORS,Mar 2018,-,-,-,Pre-Revenue
TATAMOTORS,Mar 2019,-,-,-,Pre-Revenue
TATAMOTORS,Mar 2020,-,-,-,Pre-Revenue
TATAMOTORS,Mar 2021,-,-,-,Pre-Revenue
TATAMOTORS,Mar 2022,-,-,-,Pre-Revenue
TATAMOTORS,Mar 2023,-,-,-,Pre-Revenue
TATAMOTORS,Mar 2024,-,-,-,Pre-Revenue
TATAPOWER,Mar 2013,-,-,-,Pre-Revenue
TATAPOWER,Mar 2014,-,-,-,Pre-Revenue
TATAPOWER,Mar 2015,-,-,-,Pre-Revenue
TATAPOWER,Mar 2016,-,-,-,Pre-Revenue
TATAPOWER,Mar 2017,-,-,-,Pre-Revenue
TATAPOWER,Mar 2018,-,-,-,Pre-Revenue
TATAPOWER,Mar 2019,-,-,-,Pre-Revenue
TATAPOWER,Mar 2020,-,-,-,Pre-Revenue
TATAPOWER,Mar 2021,-,-,-,Pre-Revenue
TATAPOWER,Mar 2022,-,-,-,Pre-Revenue
TATAPOWER,Mar 2023,-,-,-,Pre-Revenue
TATAPOWER,Mar 2024,-,-,-,Pre-Revenue
TATASTEEL,Mar 2013,-,-,-,Pre-Revenue
TATASTEEL,Mar 2014,-,-,-,Pre-Revenue
TATASTEEL,Mar 2015,-,-,-,Pre-Revenue
TATASTEEL,Mar 2016,-,-,-,Pre-Revenue
TATASTEEL,Mar 2017,-,-,-,Pre-Revenue
TATASTEEL,Mar 2018,-,-,-,Pre-Revenue
TATASTEEL,Mar 2019,-,-,-,Pre-Revenue
TATASTEEL,Mar 2020,-,-,-,Pre-Revenue
TATASTEEL,Mar 2021,-,-,-,Pre-Revenue
TATASTEEL,Mar 2022,-,-,-,Pre-Revenue
TATASTEEL,Mar 2023,-,-,-,Pre-Revenue
TATASTEEL,Mar 2024,-,-,-,Pre-Revenue
TCS,Mar 2013,-,-,-,Pre-Revenue
TCS,Mar 2014,-,-,-,Pre-Revenue
TCS,Mar 2015,-,-,-,Pre-Revenue
TCS,Mar 2016,-,-,-,Pre-Revenue
TCS,Mar 2017,-,-,-,Pre-Revenue
TCS,Mar 2018,-,-,-,Pre-Revenue
TCS,Mar 2019,-,-,-,Pre-Revenue
TCS,Mar 2020,-,-,-,Pre-Revenue
TCS,Mar 2021,-,-,-,Pre-Revenue
TCS,Mar 2022,-,-,-,Pre-Revenue
TCS,Mar 2023,-,-,-,Pre-Revenue
TCS,Mar 2024,-,-,-,Pre-Revenue
TECHM,Mar 2013,-,-,-,Pre-Revenue
TECHM,Mar 2014,-,-,-,Pre-Revenue
TECHM,Mar 2015,-,-,-,Pre-Revenue
TECHM,Mar 2016,-,-,-,Pre-Revenue
TECHM,Mar 2017,-,-,-,Pre-Revenue
TECHM,Mar 2018,-,-,-,Pre-Revenue
TECHM,Mar 2019,-,-,-,Pre-Revenue
TECHM,Mar 2020,-,-,-,Pre-Revenue
TECHM,Mar 2021,-,-,-,Pre-Revenue
TECHM,Mar 2022,-,-,-,Pre-Revenue
TECHM,Mar 2023,-,-,-,Pre-Revenue
TECHM,Mar 2024,-,-,-,Pre-Revenue
TITAN,Mar 2013,-,-,-,Pre-Revenue
TITAN,Mar 2014,-,-,-,Pre-Revenue
TITAN,Mar 2015,-,-,-,Pre-Revenue
TITAN,Mar 2016,-,-,-,Pre-Revenue
TITAN,Mar 2017,-,-,-,Pre-Revenue
TITAN,Mar 2018,-,-,-,Pre-Revenue
TITAN,Mar 2019,-,-,-,Pre-Revenue
TITAN,Mar 2020,-,-,-,Pre-Revenue
TITAN,Mar 2021,-,-,-,Pre-Revenue
TITAN,Mar 2022,-,-,-,Pre-Revenue
TITAN,Mar 2023,-,-,-,Pre-Revenue
TITAN,Mar 2024,-,-,-,Pre-Revenue
TORNTPHARM,Mar 2013,-,-,-,Pre-Revenue
TORNTPHARM,Mar 2014,-,-,-,Pre-Revenue
TORNTPHARM,Mar 2015,-,-,-,Pre-Revenue
TORNTPHARM,Mar 2016,-,-,-,Pre-Revenue
TORNTPHARM,Mar 2017,-,-,-,Pre-Revenue
TORNTPHARM,Mar 2018,-,-,-,Pre-Revenue
TORNTPHARM,Mar 2019,-,-,-,Pre-Revenue
TORNTPHARM,Mar 2020,-,-,-,Pre-Revenue
TORNTPHARM,Mar 2021,-,-,-,Pre-Revenue
TORNTPHARM,Mar 2022,-,-,-,Pre-Revenue
TORNTPHARM,Mar 2023,-,-,-,Pre-Revenue
TORNTPHARM,Mar 2024,-,-,-,Pre-Revenue
TRENT,Mar 2013,-,-,-,Pre-Revenue
TRENT,Mar 2014,-,-,-,Pre-Revenue
TRENT,Mar 2015,-,-,-,Pre-Revenue
TRENT,Mar 2016,-,-,-,Pre-Revenue
TRENT,Mar 2017,-,-,-,Pre-Revenue
TRENT,Mar 2018,-,-,-,Pre-Revenue
TRENT,Mar 2019,-,-,-,Pre-Revenue
TRENT,Mar 2020,-,-,-,Pre-Revenue
TRENT,Mar 2021,-,-,-,Pre-Revenue
TRENT,Mar 2022,-,-,-,Pre-Revenue
TRENT,Mar 2023,-,-,-,Pre-Revenue
TRENT,Mar 2024,-,-,-,Pre-Revenue
TVSMOTOR,Mar 2013,-,-,-,Pre-Revenue
TVSMOTOR,Mar 2014,-,-,-,Pre-Revenue
TVSMOTOR,Mar 2015,-,-,-,Pre-Revenue
TVSMOTOR,Mar 2016,-,-,-,Pre-Revenue
TVSMOTOR,Mar 2017,-,-,-,Pre-Revenue
TVSMOTOR,Mar 2018,-,-,-,Pre-Revenue
TVSMOTOR,Mar 2019,-,-,-,Pre-Revenue
TVSMOTOR,Mar 2020,-,-,-,Pre-Revenue
TVSMOTOR,Mar 2021,-,-,-,Pre-Revenue
TVSMOTOR,Mar 2022,-,-,-,Pre-Revenue
TVSMOTOR,Mar 2023,-,-,-,Pre-Revenue
TVSMOTOR,Mar 2024,-,-,-,Pre-Revenue
ULTRACEMCO,Mar 2013,-,-,-,Pre-Revenue
ULTRACEMCO,Mar 2014,-,-,-,Pre-Revenue
ULTRACEMCO,Mar 2015,-,-,-,Pre-Revenue
ULTRACEMCO,Mar 2016,-,-,-,Pre-Revenue
ULTRACEMCO,Mar 2017,-,-,-,Pre-Revenue
ULTRACEMCO,Mar 2018,-,-,-,Pre-Revenue
ULTRACEMCO,Mar 2019,-,-,-,Pre-Revenue
ULTRACEMCO,Mar 2020,-,-,-,Pre-Revenue
ULTRACEMCO,Mar 2021,-,-,-,Pre-Revenue
ULTRACEMCO,Mar 2022,-,-,-,Pre-Revenue
ULTRACEMCO,Mar 2023,-,-,-,Pre-Revenue
ULTRACEMCO,Mar 2024,-,-,-,Pre-Revenue
UNIONBANK,Mar 2013,-,-,-,Pre-Revenue
UNIONBANK,Mar 2014,-,-,-,Pre-Revenue
UNIONBANK,Mar 2015,-,-,-,Pre-Revenue
UNIONBANK,Mar 2016,-,-,-,Pre-Revenue
UNIONBANK,Mar 2017,-,-,-,Pre-Revenue
UNIONBANK,Mar 2018,-,-,-,Pre-Revenue
UNIONBANK,Mar 2019,-,-,-,Pre-Revenue
UNIONBANK,Mar 2020,-,-,-,Pre-Revenue
UNIONBANK,Mar 2021,-,-,-,Pre-Revenue
UNIONBANK,Mar 2022,-,-,-,Pre-Revenue
UNIONBANK,Mar 2023,-,-,-,Pre-Revenue
UNIONBANK,Mar 2024,-,-,-,Pre-Revenue
UNITDSPR,Mar 2013,-,-,-,Pre-Revenue
UNITDSPR,Mar 2014,-,-,-,Pre-Revenue
UNITDSPR,Mar 2015,-,-,-,Pre-Revenue
UNITDSPR,Mar 2016,-,-,-,Pre-Revenue
UNITDSPR,Mar 2017,-,-,-,Pre-Revenue
UNITDSPR,Mar 2018,-,-,-,Pre-Revenue
UNITDSPR,Mar 2019,-,-,-,Pre-Revenue
UNITDSPR,Mar 2020,-,-,-,Pre-Revenue
UNITDSPR,Mar 2021,-,-,-,Pre-Revenue
UNITDSPR,Mar 2022,-,-,-,Pre-Revenue
UNITDSPR,Mar 2023,-,-,-,Pre-Revenue
UNITDSPR,Mar 2024,-,-,-,Pre-Revenue
VBL,Dec 2012,-,-,-,Pre-Revenue
VBL,Dec 2013,-,-,-,Pre-Revenue
VBL,Dec 2014,-,-,-,Pre-Revenue
VBL,Dec 2015,-,-,-,Pre-Revenue
VBL,Dec 2016,-,-,-,Pre-Revenue
VBL,Dec 2017,-,-,-,Pre-Revenue
VBL,Dec 2018,-,-,-,Pre-Revenue
VBL,Dec 2019,-,-,-,Pre-Revenue
VBL,Dec 2020,-,-,-,Pre-Revenue
VBL,Dec 2021,-,-,-,Pre-Revenue
VBL,Dec 2022,-,-,-,Pre-Revenue
VBL,Dec 2023,-,-,-,Pre-Revenue
VEDL,Mar 2013,-,-,-,Pre-Revenue
VEDL,Mar 2014,-,-,-,Pre-Revenue
VEDL,Mar 2015,-,-,-,Pre-Revenue
VEDL,Mar 2016,-,-,-,Pre-Revenue
VEDL,Mar 2017,-,-,-,Pre-Revenue
VEDL,Mar 2018,-,-,-,Pre-Revenue
VEDL,Mar 2019,-,-,-,Pre-Revenue
VEDL,Mar 2020,-,-,-,Pre-Revenue
VEDL,Mar 2021,-,-,-,Pre-Revenue
VEDL,Mar 2022,-,-,-,Pre-Revenue
VEDL,Mar 2023,-,-,-,Pre-Revenue
VEDL,Mar 2024,-,-,-,Pre-Revenue
WIPRO,Mar 2013,-,-,-,Pre-Revenue
WIPRO,Mar 2014,-,-,-,Pre-Revenue
WIPRO,Mar 2015,-,-,-,Pre-Revenue
WIPRO,Mar 2016,-,-,-,Pre-Revenue
WIPRO,Mar 2017,-,-,-,Pre-Revenue
WIPRO,Mar 2018,-,-,-,Pre-Revenue
WIPRO,Mar 2019,-,-,-,Pre-Revenue
WIPRO,Mar 2020,-,-,-,Pre-Revenue
WIPRO,Mar 2021,-,-,-,Pre-Revenue
WIPRO,Mar 2022,-,-,-,Pre-Revenue
WIPRO,Mar 2023,-,-,-,Pre-Revenue
WIPRO,Mar 2024,-,-,-,Pre-Revenue
ZOMATO,Mar 2020,-,-,-,Pre-Revenue
ZOMATO,Mar 2021,-,-,-,Pre-Revenue
ZOMATO,Mar 2022,-,-,-,Pre-Revenue
ZOMATO,Mar 2023,-,-,-,Pre-Revenue
ZOMATO,Mar 2024,-,-,-,Pre-Revenue
ZYDUSLIFE,Mar 2013,-,-,-,Pre-Revenue
ZYDUSLIFE,Mar 2014,-,-,-,Pre-Revenue
ZYDUSLIFE,Mar 2015,-,-,-,Pre-Revenue
ZYDUSLIFE,Mar 2016,-,-,-,Pre-Revenue
ZYDUSLIFE,Mar 2017,-,-,-,Pre-Revenue
ZYDUSLIFE,Mar 2018,-,-,-,Pre-Revenue
ZYDUSLIFE,Mar 2019,-,-,-,Pre-Revenue
ZYDUSLIFE,Mar 2020,-,-,-,Pre-Revenue
ZYDUSLIFE,Mar 2021,-,-,-,Pre-Revenue
ZYDUSLIFE,Mar 2022,-,-,-,Pre-Revenue
ZYDUSLIFE,Mar 2023,-,-,-,Pre-Revenue
ZYDUSLIFE,Mar 2024,-,-,-,Pre-Revenue
